Workbook

Sheet 使用說明
A1: 訂單自動產出模板 v3.13
A3: 步驟 1 | B3: ERP 匯出裝櫃通知單
A4: 步驟 2 | B4: ★ 先按「裝櫃單號」排序
A5: 步驟 3 | B5: 複製全部資料（含標題列）
A6: 步驟 4 | B6: 貼到「ERP資料」分頁 A1
A7: 步驟 5 | B7: 查看繳庫本、生管本-平板、生管本-捲筒
A9: v3.13 更新 | B9: 新增「100張客戶」對照表 — 特殊備註自動標「100張」+提芬尼綠
B10: 右側欄位：寬/長/件數(自動) + 狀態(下拉) + 訂購日期 + 備註
B11: 狀態下拉選項：未訂 / 已訂 / 已到貨
A13: 核心邏輯 | B13: 件數用「迄-起+1」計算，過濾 ERP 實蹈
B14: 同尺寸自動合併，件數加總
A16: 手動填欄位 | B16: 雙生、特殊備註、生產配對指示、已出數量、✓
B17: 紙管規格：對照表沒有的客戶才需手動填
A19: 色彩圖例
B20: 深藍底 = 標題列
B21: 淡藍底 = 訂單標題行 / 對照表自動帶入
B22: 綠色底 = 自動計算
B23: 橘黃底 = 手動填寫
B24: 亮黃底 = 雙生棧板提醒

Sheet ERP資料
A1: 裝櫃通知單號 | B1: 結關日 | C1: 起 | D1: 迄 | E1: 材質 | F1: 基重 | G1: 寬 | H1: 長 | I1: KG/件 | J1: 數量 | K1: 單位 | L1: 件數 | M1: 淨重 | N1: 毛重/件 | O1: 束/件 | P1: 單價 | Q1: 美金/MT | R1: 毛重 | S1: 客戶 | T1: 產品別 | U1: 交易條件 | V1: 目的地

Sheet 紙管對照表
A1: 客戶代號 | B1: 客戶名稱 | C1: 管徑 | D1: 備註
A2: E146 | B2: 虹育 | C2: 6"
A3: E293 | B3: 康發 | C3: 6"
A4: E343 | B4: 聰棋 | C4: 6"
A5: E361 | B5: KOUFU | C5: 6"
A6: E397 | B6: 合亨 | C6: 6"
A7: G007 | B7: Eastern | C7: 6" | D7: 114年7月起 改用 6" 紙管
A8: G114 | B8: PTACCORD | C8: 6" | D8: 202509 起改用 6" (原 12")
A9: G518 | B9: ALI | C9: 6"
A10: G533 | B10: CROWN | C10: 6"
A11: G580 | B11: Prominen | C11: 6"
A12: G751 | B12: STARKSON | C12: 6"
A13: G755 | B13: PRECISIO | C13: 6"
A14: G759 | B14: WILLIAMS | C14: 6"
A15: E357 | B15: 丞益 | C15: 12"
A16: E373 | B16: 東旭-廣銘 | C16: 12"
A17: G003 | B17: Fong YEE | C17: 12"
A18: G009 | B18: IPG | C18: 12"
A19: G025 | B19: ELANTEC | C19: 12"
A20: G035 | B20: EASTSUN | C20: 12"
... A29: G781 | B29: TM TAN | C29: 12"
A30: G801 | B30: CV Surya | C30: - | D30: 已倒閉
A33: ★ 新增客戶時，直接在此表加一列（客戶代號 4 碼 + 管徑），生管本-捲筒會自動帶入

Sheet 100張客戶
A1: 客戶代號 | B1: 客戶名稱 | C1: 備註
A2: G003 | B2: Fong YEE
A3: G007 | B3: Eastern
A4: G025 | B4: ELANTEC
A5: G037 | B5: OVOL
A6: G107 | B6: STARLITE
A7: G137 | B7: BANGKOK
A8: E384 | B8: 台灣丸紅
A9: G401 | B9: LimTong
A10: G513 | B10: MOHSIN
A11: G525 | B11: ELAHI
A12: G703 | B12: VIVAR
A13: G713 | B13: TIONGTAT
... A22: G523 | B22: SAMI P.
A25: ★ 此表的客戶 + 基重 270 或 300 GSM → 自動在生管本標「100張」

Sheet 輔助計算
A1: row | B1: _key | C1: _first | D1: _sumqty | E1: _outrow_jk | F1: _outrow_pb | G1: _outrow_cj | H1: _rowqty
A2: 2 | B2: =IF(ERP資料!A2="","",ERP資料!A2&"|"&ERP資料!E2&"|"&ERP資料!F2&"|"&ERP資料!G2&"|"&ERP資料!H2&"|"&ERP資料!O2) | C2: =IF(B2="",0,IF(COUNTIF(B$2:B1,B2)=0,1,0)) | D2: =IF(B2="",0,SUMIFS($H$2:$H$801,$B$2:$B$801,B2)) | E2: =IF(AND(C2=1, TRIM(ERP資料!T2)="平板"), 1, 0) | F2: =IF(AND(C2=1, TRIM(ERP資料!T2)="平板"), 1, 0) | G2: =IF(AND(C2=1, TRIM(ERP資料!T2)="捲筒"), 1, 0) | H2: =IF(OR(ERP資料!C2="",ERP資料!D2=""),0,ERP資料!D2-ERP資料!C2+1)
A3: 3 | B3: =IF(ERP資料!A3="","",ERP資料!A3&"|"&ERP資料!E3&"|"&ERP資料!F3&"|"&ERP資料!G3&"|"&ERP資料!H3&"|"&ERP資料!O3) | C3: =IF(B3="",0,IF(COUNTIF(B$2:B2,B3)=0,1,0)) | D3: =IF(B3="",0,SUMIFS($H$2:$H$801,$B$2:$B$801,B3)) | E3: =IF(NOT(AND(C3=1, TRIM(ERP資料!T3)="平板")), 0, IF(MAX(E$2:E2)=0, 1, IF(ERP資料!A3=INDEX(ERP資料!$A$2:$A2, MATCH(MAX(E$2:E2), E$2:E2, 0)), MAX(E$2:E2)+1, MAX(E$2:E2)+2))) | F3: =IF(NOT(AND(C3=1, TRIM(ERP資料!T3)="平板")), 0, IF(MAX(F$2:F2)=0, 1, IF(ERP資料!A3=INDEX(ERP資料!$A$2:$A2, MATCH(MAX(F$2:F2), F$2:F2, 0)), MAX(F$2:F2)+1, MAX(F$2:F2)+2))) | G3: =IF(NOT(AND(C3=1, TRIM(ERP資料!T3)="捲筒")), 0, IF(MAX(G$2:G2)=0, 1, IF(ERP資料!A3=INDEX(ERP資料!$A$2:$A2, MATCH(MAX(G$2:G2), G$2:G2, 0)), MAX(G$2:G2)+1, MAX(G$2:G2)+2))) | H3: =IF(OR(ERP資料!C3="",ERP資料!D3=""),0,ERP資料!D3-ERP資料!C3+1)
A4: 4 | B4: =IF(ERP資料!A4="","",ERP資料!A4&"|"&ERP資料!E4&"|"&ERP資料!F4&"|"&ERP資料!G4&"|"&ERP資料!H4&"|"&ERP資料!O4) | C4: =IF(B4="",0,IF(COUNTIF(B$2:B3,B4)=0,1,0)) | D4: =IF(B4="",0,SUMIFS($H$2:$H$801,$B$2:$B$801,B4)) | E4: =IF(NOT(AND(C4=1, TRIM(ERP資料!T4)="平板")), 0, IF(MAX(E$2:E3)=0, 1, IF(ERP資料!A4=INDEX(ERP資料!$A$2:$A3, MATCH(MAX(E$2:E3), E$2:E3, 0)), MAX(E$2:E3)+1, MAX(E$2:E3)+2))) | F4: =IF(NOT(AND(C4=1, TRIM(ERP資料!T4)="平板")), 0, IF(MAX(F$2:F3)=0, 1, IF(ERP資料!A4=INDEX(ERP資料!$A$2:$A3, MATCH(MAX(F$2:F3), F$2:F3, 0)), MAX(F$2:F3)+1, MAX(F$2:F3)+2))) | G4: =IF(NOT(AND(C4=1, TRIM(ERP資料!T4)="捲筒")), 0, IF(MAX(G$2:G3)=0, 1, IF(ERP資料!A4=INDEX(ERP資料!$A$2:$A3, MATCH(MAX(G$2:G3), G$2:G3, 0)), MAX(G$2:G3)+1, MAX(G$2:G3)+2))) | H4: =IF(OR(ERP資料!C4="",ERP資料!D4=""),0,ERP資料!D4-ERP資料!C4+1)
A5: 5 | B5: =IF(ERP資料!A5="","",ERP資料!A5&"|"&ERP資料!E5&"|"&ERP資料!F5&"|"&ERP資料!G5&"|"&ERP資料!H5&"|"&ERP資料!O5) | C5: =IF(B5="",0,IF(COUNTIF(B$2:B4,B5)=0,1,0)) | D5: =IF(B5="",0,SUMIFS($H$2:$H$801,$B$2:$B$801,B5)) | E5: =IF(NOT(AND(C5=1, TRIM(ERP資料!T5)="平板")), 0, IF(MAX(E$2:E4)=0, 1, IF(ERP資料!A5=INDEX(ERP資料!$A$2:$A4, MATCH(MAX(E$2:E4), E$2:E4, 0)), MAX(E$2:E4)+1, MAX(E$2:E4)+2))) | F5: =IF(NOT(AND(C5=1, TRIM(ERP資料!T5)="平板")), 0, IF(MAX(F$2:F4)=0, 1, IF(ERP資料!A5=INDEX(ERP資料!$A$2:$A4, MATCH(MAX(F$2:F4), F$2:F4, 0)), MAX(F$2:F4)+1, MAX(F$2:F4)+2))) | G5: =IF(NOT(AND(C5=1, TRIM(ERP資料!T5)="捲筒")), 0, IF(MAX(G$2:G4)=0, 1, IF(ERP資料!A5=INDEX(ERP資料!$A$2:$A4, MATCH(MAX(G$2:G4), G$2:G4, 0)), MAX(G$2:G4)+1, MAX(G$2:G4)+2))) | H5: =IF(OR(ERP資料!C5="",ERP資料!D5=""),0,ERP資料!D5-ERP資料!C5+1)
A6: 6 | B6: =IF(ERP資料!A6="","",ERP資料!A6&"|"&ERP資料!E6&"|"&ERP資料!F6&"|"&ERP資料!G6&"|"&ERP資料!H6&"|"&ERP資料!O6) | C6: =IF(B6="",0,IF(COUNTIF(B$2:B5,B6)=0,1,0)) | D6: =IF(B6="",0,SUMIFS($H$2:$H$801,$B$2:$B$801,B6)) | E6: =IF(NOT(AND(C6=1, TRIM(ERP資料!T6)="平板")), 0, IF(MAX(E$2:E5)=0, 1, IF(ERP資料!A6=INDEX(ERP資料!$A$2:$A5, MATCH(MAX(E$2:E5), E$2:E5, 0)), MAX(E$2:E5)+1, MAX(E$2:E5)+2))) | F6: =IF(NOT(AND(C6=1, TRIM(ERP資料!T6)="平板")), 0, IF(MAX(F$2:F5)=0, 1, IF(ERP資料!A6=INDEX(ERP資料!$A$2:$A5, MATCH(MAX(F$2:F5), F$2:F5, 0)), MAX(F$2:F5)+1, MAX(F$2:F5)+2))) | G6: =IF(NOT(AND(C6=1, TRIM(ERP資料!T6)="捲筒")), 0, IF(MAX(G$2:G5)=0, 1, IF(ERP資料!A6=INDEX(ERP資料!$A$2:$A5, MATCH(MAX(G$2:G5), G$2:G5, 0)), MAX(G$2:G5)+1, MAX(G$2:G5)+2))) | H6: =IF(OR(ERP資料!C6="",ERP資料!D6=""),0,ERP資料!D6-ERP資料!C6+1)
A7: 7 | B7: =IF(ERP資料!A7="","",ERP資料!A7&"|"&ERP資料!E7&"|"&ERP資料!F7&"|"&ERP資料!G7&"|"&ERP資料!H7&"|"&ERP資料!O7) | C7: =IF(B7="",0,IF(COUNTIF(B$2:B6,B7)=0,1,0)) | D7: =IF(B7="",0,SUMIFS($H$2:$H$801,$B$2:$B$801,B7)) | E7: =IF(NOT(AND(C7=1, TRIM(ERP資料!T7)="平板")), 0, IF(MAX(E$2:E6)=0, 1, IF(ERP資料!A7=INDEX(ERP資料!$A$2:$A6, MATCH(MAX(E$2:E6), E$2:E6, 0)), MAX(E$2:E6)+1, MAX(E$2:E6)+2))) | F7: =IF(NOT(AND(C7=1, TRIM(ERP資料!T7)="平板")), 0, IF(MAX(F$2:F6)=0, 1, IF(ERP資料!A7=INDEX(ERP資料!$A$2:$A6, MATCH(MAX(F$2:F6), F$2:F6, 0)), MAX(F$2:F6)+1, MAX(F$2:F6)+2))) | G7: =IF(NOT(AND(C7=1, TRIM(ERP資料!T7)="捲筒")), 0, IF(MAX(G$2:G6)=0, 1, IF(ERP資料!A7=INDEX(ERP資料!$A$2:$A6, MATCH(MAX(G$2:G6), G$2:G6, 0)), MAX(G$2:G6)+1, MAX(G$2:G6)+2))) | H7: =IF(OR(ERP資料!C7="",ERP資料!D7=""),0,ERP資料!D7-ERP資料!C7+1)
A8: 8 | B8: =IF(ERP資料!A8="","",ERP資料!A8&"|"&ERP資料!E8&"|"&ERP資料!F8&"|"&ERP資料!G8&"|"&ERP資料!H8&"|"&ERP資料!O8) | C8: =IF(B8="",0,IF(COUNTIF(B$2:B7,B8)=0,1,0)) | D8: =IF(B8="",0,SUMIFS($H$2:$H$801,$B$2:$B$801,B8)) | E8: =IF(NOT(AND(C8=1, TRIM(ERP資料!T8)="平板")), 0, IF(MAX(E$2:E7)=0, 1, IF(ERP資料!A8=INDEX(ERP資料!$A$2:$A7, MATCH(MAX(E$2:E7), E$2:E7, 0)), MAX(E$2:E7)+1, MAX(E$2:E7)+2))) | F8: =IF(NOT(AND(C8=1, TRIM(ERP資料!T8)="平板")), 0, IF(MAX(F$2:F7)=0, 1, IF(ERP資料!A8=INDEX(ERP資料!$A$2:$A7, MATCH(MAX(F$2:F7), F$2:F7, 0)), MAX(F$2:F7)+1, MAX(F$2:F7)+2))) | G8: =IF(NOT(AND(C8=1, TRIM(ERP資料!T8)="捲筒")), 0, IF(MAX(G$2:G7)=0, 1, IF(ERP資料!A8=INDEX(ERP資料!$A$2:$A7, MATCH(MAX(G$2:G7), G$2:G7, 0)), MAX(G$2:G7)+1, MAX(G$2:G7)+2))) | H8: =IF(OR(ERP資料!C8="",ERP資料!D8=""),0,ERP資料!D8-ERP資料!C8+1)
A9: 9 | B9: =IF(ERP資料!A9="","",ERP資料!A9&"|"&ERP資料!E9&"|"&ERP資料!F9&"|"&ERP資料!G9&"|"&ERP資料!H9&"|"&ERP資料!O9) | C9: =IF(B9="",0,IF(COUNTIF(B$2:B8,B9)=0,1,0)) | D9: =IF(B9="",0,SUMIFS($H$2:$H$801,$B$2:$B$801,B9)) | E9: =IF(NOT(AND(C9=1, TRIM(ERP資料!T9)="平板")), 0, IF(MAX(E$2:E8)=0, 1, IF(ERP資料!A9=INDEX(ERP資料!$A$2:$A8, MATCH(MAX(E$2:E8), E$2:E8, 0)), MAX(E$2:E8)+1, MAX(E$2:E8)+2))) | F9: =IF(NOT(AND(C9=1, TRIM(ERP資料!T9)="平板")), 0, IF(MAX(F$2:F8)=0, 1, IF(ERP資料!A9=INDEX(ERP資料!$A$2:$A8, MATCH(MAX(F$2:F8), F$2:F8, 0)), MAX(F$2:F8)+1, MAX(F$2:F8)+2))) | G9: =IF(NOT(AND(C9=1, TRIM(ERP資料!T9)="捲筒")), 0, IF(MAX(G$2:G8)=0, 1, IF(ERP資料!A9=INDEX(ERP資料!$A$2:$A8, MATCH(MAX(G$2:G8), G$2:G8, 0)), MAX(G$2:G8)+1, MAX(G$2:G8)+2))) | H9: =IF(OR(ERP資料!C9="",ERP資料!D9=""),0,ERP資料!D9-ERP資料!C9+1)
A10: 10 | B10: =IF(ERP資料!A10="","",ERP資料!A10&"|"&ERP資料!E10&"|"&ERP資料!F10&"|"&ERP資料!G10&"|"&ERP資料!H10&"|"&ERP資料!O10) | C10: =IF(B10="",0,IF(COUNTIF(B$2:B9,B10)=0,1,0)) | D10: =IF(B10="",0,SUMIFS($H$2:$H$801,$B$2:$B$801,B10)) | E10: =IF(NOT(AND(C10=1, TRIM(ERP資料!T10)="平板")), 0, IF(MAX(E$2:E9)=0, 1, IF(ERP資料!A10=INDEX(ERP資料!$A$2:$A9, MATCH(MAX(E$2:E9), E$2:E9, 0)), MAX(E$2:E9)+1, MAX(E$2:E9)+2))) | F10: =IF(NOT(AND(C10=1, TRIM(ERP資料!T10)="平板")), 0, IF(MAX(F$2:F9)=0, 1, IF(ERP資料!A10=INDEX(ERP資料!$A$2:$A9, MATCH(MAX(F$2:F9), F$2:F9, 0)), MAX(F$2:F9)+1, MAX(F$2:F9)+2))) | G10: =IF(NOT(AND(C10=1, TRIM(ERP資料!T10)="捲筒")), 0, IF(MAX(G$2:G9)=0, 1, IF(ERP資料!A10=INDEX(ERP資料!$A$2:$A9, MATCH(MAX(G$2:G9), G$2:G9, 0)), MAX(G$2:G9)+1, MAX(G$2:G9)+2))) | H10: =IF(OR(ERP資料!C10="",ERP資料!D10=""),0,ERP資料!D10-ERP資料!C10+1)
A11: 11 | B11: =IF(ERP資料!A11="","",ERP資料!A11&"|"&ERP資料!E11&"|"&ERP資料!F11&"|"&ERP資料!G11&"|"&ERP資料!H11&"|"&ERP資料!O11) | C11: =IF(B11="",0,IF(COUNTIF(B$2:B10,B11)=0,1,0)) | D11: =IF(B11="",0,SUMIFS($H$2:$H$801,$B$2:$B$801,B11)) | E11: =IF(NOT(AND(C11=1, TRIM(ERP資料!T11)="平板")), 0, IF(MAX(E$2:E10)=0, 1, IF(ERP資料!A11=INDEX(ERP資料!$A$2:$A10, MATCH(MAX(E$2:E10), E$2:E10, 0)), MAX(E$2:E10)+1, MAX(E$2:E10)+2))) | F11: =IF(NOT(AND(C11=1, TRIM(ERP資料!T11)="平板")), 0, IF(MAX(F$2:F10)=0, 1, IF(ERP資料!A11=INDEX(ERP資料!$A$2:$A10, MATCH(MAX(F$2:F10), F$2:F10, 0)), MAX(F$2:F10)+1, MAX(F$2:F10)+2))) | G11: =IF(NOT(AND(C11=1, TRIM(ERP資料!T11)="捲筒")), 0, IF(MAX(G$2:G10)=0, 1, IF(ERP資料!A11=INDEX(ERP資料!$A$2:$A10, MATCH(MAX(G$2:G10), G$2:G10, 0)), MAX(G$2:G10)+1, MAX(G$2:G10)+2))) | H11: =IF(OR(ERP資料!C11="",ERP資料!D11=""),0,ERP資料!D11-ERP資料!C11+1)
A12: 12 | B12: =IF(ERP資料!A12="","",ERP資料!A12&"|"&ERP資料!E12&"|"&ERP資料!F12&"|"&ERP資料!G12&"|"&ERP資料!H12&"|"&ERP資料!O12) | C12: =IF(B12="",0,IF(COUNTIF(B$2:B11,B12)=0,1,0)) | D12: =IF(B12="",0,SUMIFS($H$2:$H$801,$B$2:$B$801,B12)) | E12: =IF(NOT(AND(C12=1, TRIM(ERP資料!T12)="平板")), 0, IF(MAX(E$2:E11)=0, 1, IF(ERP資料!A12=INDEX(ERP資料!$A$2:$A11, MATCH(MAX(E$2:E11), E$2:E11, 0)), MAX(E$2:E11)+1, MAX(E$2:E11)+2))) | F12: =IF(NOT(AND(C12=1, TRIM(ERP資料!T12)="平板")), 0, IF(MAX(F$2:F11)=0, 1, IF(ERP資料!A12=INDEX(ERP資料!$A$2:$A11, MATCH(MAX(F$2:F11), F$2:F11, 0)), MAX(F$2:F11)+1, MAX(F$2:F11)+2))) | G12: =IF(NOT(AND(C12=1, TRIM(ERP資料!T12)="捲筒")), 0, IF(MAX(G$2:G11)=0, 1, IF(ERP資料!A12=INDEX(ERP資料!$A$2:$A11, MATCH(MAX(G$2:G11), G$2:G11, 0)), MAX(G$2:G11)+1, MAX(G$2:G11)+2))) | H12: =IF(OR(ERP資料!C12="",ERP資料!D12=""),0,ERP資料!D12-ERP資料!C12+1)
A13: 13 | B13: =IF(ERP資料!A13="","",ERP資料!A13&"|"&ERP資料!E13&"|"&ERP資料!F13&"|"&ERP資料!G13&"|"&ERP資料!H13&"|"&ERP資料!O13) | C13: =IF(B13="",0,IF(COUNTIF(B$2:B12,B13)=0,1,0)) | D13: =IF(B13="",0,SUMIFS($H$2:$H$801,$B$2:$B$801,B13)) | E13: =IF(NOT(AND(C13=1, TRIM(ERP資料!T13)="平板")), 0, IF(MAX(E$2:E12)=0, 1, IF(ERP資料!A13=INDEX(ERP資料!$A$2:$A12, MATCH(MAX(E$2:E12), E$2:E12, 0)), MAX(E$2:E12)+1, MAX(E$2:E12)+2))) | F13: =IF(NOT(AND(C13=1, TRIM(ERP資料!T13)="平板")), 0, IF(MAX(F$2:F12)=0, 1, IF(ERP資料!A13=INDEX(ERP資料!$A$2:$A12, MATCH(MAX(F$2:F12), F$2:F12, 0)), MAX(F$2:F12)+1, MAX(F$2:F12)+2))) | G13: =IF(NOT(AND(C13=1, TRIM(ERP資料!T13)="捲筒")), 0, IF(MAX(G$2:G12)=0, 1, IF(ERP資料!A13=INDEX(ERP資料!$A$2:$A12, MATCH(MAX(G$2:G12), G$2:G12, 0)), MAX(G$2:G12)+1, MAX(G$2:G12)+2))) | H13: =IF(OR(ERP資料!C13="",ERP資料!D13=""),0,ERP資料!D13-ERP資料!C13+1)
A14: 14 | B14: =IF(ERP資料!A14="","",ERP資料!A14&"|"&ERP資料!E14&"|"&ERP資料!F14&"|"&ERP資料!G14&"|"&ERP資料!H14&"|"&ERP資料!O14) | C14: =IF(B14="",0,IF(COUNTIF(B$2:B13,B14)=0,1,0)) | D14: =IF(B14="",0,SUMIFS($H$2:$H$801,$B$2:$B$801,B14)) | E14: =IF(NOT(AND(C14=1, TRIM(ERP資料!T14)="平板")), 0, IF(MAX(E$2:E13)=0, 1, IF(ERP資料!A14=INDEX(ERP資料!$A$2:$A13, MATCH(MAX(E$2:E13), E$2:E13, 0)), MAX(E$2:E13)+1, MAX(E$2:E13)+2))) | F14: =IF(NOT(AND(C14=1, TRIM(ERP資料!T14)="平板")), 0, IF(MAX(F$2:F13)=0, 1, IF(ERP資料!A14=INDEX(ERP資料!$A$2:$A13, MATCH(MAX(F$2:F13), F$2:F13, 0)), MAX(F$2:F13)+1, MAX(F$2:F13)+2))) | G14: =IF(NOT(AND(C14=1, TRIM(ERP資料!T14)="捲筒")), 0, IF(MAX(G$2:G13)=0, 1, IF(ERP資料!A14=INDEX(ERP資料!$A$2:$A13, MATCH(MAX(G$2:G13), G$2:G13, 0)), MAX(G$2:G13)+1, MAX(G$2:G13)+2))) | H14: =IF(OR(ERP資料!C14="",ERP資料!D14=""),0,ERP資料!D14-ERP資料!C14+1)
... A801: 801 | B801: =IF(ERP資料!A801="","",ERP資料!A801&"|"&ERP資料!E801&"|"&ERP資料!F801&"|"&ERP資料!G801&"|"&ERP資料!H801&"|"&ERP資料!O801) | C801: =IF(B801="",0,IF(COUNTIF(B$2:B800,B801)=0,1,0)) | D801: =IF(B801="",0,SUMIFS($H$2:$H$801,$B$2:$B$801,B801)) | E801: =IF(NOT(AND(C801=1, TRIM(ERP資料!T801)="平板")), 0, IF(MAX(E$2:E800)=0, 1, IF(ERP資料!A801=INDEX(ERP資料!$A$2:$A800, MATCH(MAX(E$2:E800), E$2:E800, 0)), MAX(E$2:E800)+1, MAX(E$2:E800)+2))) | F801: =IF(NOT(AND(C801=1, TRIM(ERP資料!T801)="平板")), 0, IF(MAX(F$2:F800)=0, 1, IF(ERP資料!A801=INDEX(ERP資料!$A$2:$A800, MATCH(MAX(F$2:F800), F$2:F800, 0)), MAX(F$2:F800)+1, MAX(F$2:F800)+2))) | G801: =IF(NOT(AND(C801=1, TRIM(ERP資料!T801)="捲筒")), 0, IF(MAX(G$2:G800)=0, 1, IF(ERP資料!A801=INDEX(ERP資料!$A$2:$A800, MATCH(MAX(G$2:G800), G$2:G800, 0)), MAX(G$2:G800)+1, MAX(G$2:G800)+2))) | H801: =IF(OR(ERP資料!C801="",ERP資料!D801=""),0,ERP資料!D801-ERP資料!C801+1)

Sheet 繳庫本
A1: 結關日 | B1: 裝櫃單號 | C1: 客戶 | D1: 紙類 | E1: 基重 | F1: 寬 | G1: 長 | H1: 件數 | I1: 束/件 | J1: 總束數 (自動) | K1: 已出數量 | L1: 備註 | M1: ✓
A2: =IFERROR(IF(INDEX(ERP資料!$B:$B, (MATCH(1, 輔助計算!$E$2:$E$801, 0)+1))="","",INDEX(ERP資料!$B:$B, (MATCH(1, 輔助計算!$E$2:$E$801, 0)+1))), "") | B2: =IFERROR(IF(INDEX(ERP資料!$A:$A, (MATCH(1, 輔助計算!$E$2:$E$801, 0)+1))="","",INDEX(ERP資料!$A:$A, (MATCH(1, 輔助計算!$E$2:$E$801, 0)+1))), "") | C2: =IFERROR(IF(INDEX(ERP資料!$S:$S, (MATCH(1, 輔助計算!$E$2:$E$801, 0)+1))="","",INDEX(ERP資料!$S:$S, (MATCH(1, 輔助計算!$E$2:$E$801, 0)+1))), "") | D2: =IFERROR(IF(INDEX(ERP資料!$E:$E, (MATCH(1, 輔助計算!$E$2:$E$801, 0)+1))="","",TRIM(INDEX(ERP資料!$E:$E, (MATCH(1, 輔助計算!$E$2:$E$801, 0)+1)))), "") | E2: =IFERROR(IF(INDEX(ERP資料!$F:$F, (MATCH(1, 輔助計算!$E$2:$E$801, 0)+1))="","",INDEX(ERP資料!$F:$F, (MATCH(1, 輔助計算!$E$2:$E$801, 0)+1))), "") | F2: =IFERROR(IF(INDEX(ERP資料!$G:$G, (MATCH(1, 輔助計算!$E$2:$E$801, 0)+1))="","",INDEX(ERP資料!$G:$G, (MATCH(1, 輔助計算!$E$2:$E$801, 0)+1))), "") | G2: =IFERROR(IF(INDEX(ERP資料!$H:$H, (MATCH(1, 輔助計算!$E$2:$E$801, 0)+1))="","",INDEX(ERP資料!$H:$H, (MATCH(1, 輔助計算!$E$2:$E$801, 0)+1))), "") | H2: =IFERROR(INDEX(輔助計算!$D:$D, (MATCH(1, 輔助計算!$E$2:$E$801, 0)+1)), "") | I2: =IFERROR(IF(INDEX(ERP資料!$O:$O, (MATCH(1, 輔助計算!$E$2:$E$801, 0)+1))="","",INDEX(ERP資料!$O:$O, (MATCH(1, 輔助計算!$E$2:$E$801, 0)+1))), "") | J2: =IFERROR(IF(INDEX(輔助計算!$D:$D,(MATCH(1, 輔助計算!$E$2:$E$801, 0)+1))="","",INDEX(輔助計算!$D:$D,(MATCH(1, 輔助計算!$E$2:$E$801, 0)+1))*INDEX(ERP資料!$O:$O,(MATCH(1, 輔助計算!$E$2:$E$801, 0)+1))), "")
A3: =IFERROR(IF(INDEX(ERP資料!$B:$B, (MATCH(2, 輔助計算!$E$2:$E$801, 0)+1))="","",INDEX(ERP資料!$B:$B, (MATCH(2, 輔助計算!$E$2:$E$801, 0)+1))), "") | B3: =IFERROR(IF(INDEX(ERP資料!$A:$A, (MATCH(2, 輔助計算!$E$2:$E$801, 0)+1))="","",INDEX(ERP資料!$A:$A, (MATCH(2, 輔助計算!$E$2:$E$801, 0)+1))), "") | C3: =IFERROR(IF(INDEX(ERP資料!$S:$S, (MATCH(2, 輔助計算!$E$2:$E$801, 0)+1))="","",INDEX(ERP資料!$S:$S, (MATCH(2, 輔助計算!$E$2:$E$801, 0)+1))), "") | D3: =IFERROR(IF(INDEX(ERP資料!$E:$E, (MATCH(2, 輔助計算!$E$2:$E$801, 0)+1))="","",TRIM(INDEX(ERP資料!$E:$E, (MATCH(2, 輔助計算!$E$2:$E$801, 0)+1)))), "") | E3: =IFERROR(IF(INDEX(ERP資料!$F:$F, (MATCH(2, 輔助計算!$E$2:$E$801, 0)+1))="","",INDEX(ERP資料!$F:$F, (MATCH(2, 輔助計算!$E$2:$E$801, 0)+1))), "") | F3: =IFERROR(IF(INDEX(ERP資料!$G:$G, (MATCH(2, 輔助計算!$E$2:$E$801, 0)+1))="","",INDEX(ERP資料!$G:$G, (MATCH(2, 輔助計算!$E$2:$E$801, 0)+1))), "") | G3: =IFERROR(IF(INDEX(ERP資料!$H:$H, (MATCH(2, 輔助計算!$E$2:$E$801, 0)+1))="","",INDEX(ERP資料!$H:$H, (MATCH(2, 輔助計算!$E$2:$E$801, 0)+1))), "") | H3: =IFERROR(INDEX(輔助計算!$D:$D, (MATCH(2, 輔助計算!$E$2:$E$801, 0)+1)), "") | I3: =IFERROR(IF(INDEX(ERP資料!$O:$O, (MATCH(2, 輔助計算!$E$2:$E$801, 0)+1))="","",INDEX(ERP資料!$O:$O, (MATCH(2, 輔助計算!$E$2:$E$801, 0)+1))), "") | J3: =IFERROR(IF(INDEX(輔助計算!$D:$D,(MATCH(2, 輔助計算!$E$2:$E$801, 0)+1))="","",INDEX(輔助計算!$D:$D,(MATCH(2, 輔助計算!$E$2:$E$801, 0)+1))*INDEX(ERP資料!$O:$O,(MATCH(2, 輔助計算!$E$2:$E$801, 0)+1))), "")
A4: =IFERROR(IF(INDEX(ERP資料!$B:$B, (MATCH(3, 輔助計算!$E$2:$E$801, 0)+1))="","",INDEX(ERP資料!$B:$B, (MATCH(3, 輔助計算!$E$2:$E$801, 0)+1))), "") | B4: =IFERROR(IF(INDEX(ERP資料!$A:$A, (MATCH(3, 輔助計算!$E$2:$E$801, 0)+1))="","",INDEX(ERP資料!$A:$A, (MATCH(3, 輔助計算!$E$2:$E$801, 0)+1))), "") | C4: =IFERROR(IF(INDEX(ERP資料!$S:$S, (MATCH(3, 輔助計算!$E$2:$E$801, 0)+1))="","",INDEX(ERP資料!$S:$S, (MATCH(3, 輔助計算!$E$2:$E$801, 0)+1))), "") | D4: =IFERROR(IF(INDEX(ERP資料!$E:$E, (MATCH(3, 輔助計算!$E$2:$E$801, 0)+1))="","",TRIM(INDEX(ERP資料!$E:$E, (MATCH(3, 輔助計算!$E$2:$E$801, 0)+1)))), "") | E4: =IFERROR(IF(INDEX(ERP資料!$F:$F, (MATCH(3, 輔助計算!$E$2:$E$801, 0)+1))="","",INDEX(ERP資料!$F:$F, (MATCH(3, 輔助計算!$E$2:$E$801, 0)+1))), "") | F4: =IFERROR(IF(INDEX(ERP資料!$G:$G, (MATCH(3, 輔助計算!$E$2:$E$801, 0)+1))="","",INDEX(ERP資料!$G:$G, (MATCH(3, 輔助計算!$E$2:$E$801, 0)+1))), "") | G4: =IFERROR(IF(INDEX(ERP資料!$H:$H, (MATCH(3, 輔助計算!$E$2:$E$801, 0)+1))="","",INDEX(ERP資料!$H:$H, (MATCH(3, 輔助計算!$E$2:$E$801, 0)+1))), "") | H4: =IFERROR(INDEX(輔助計算!$D:$D, (MATCH(3, 輔助計算!$E$2:$E$801, 0)+1)), "") | I4: =IFERROR(IF(INDEX(ERP資料!$O:$O, (MATCH(3, 輔助計算!$E$2:$E$801, 0)+1))="","",INDEX(ERP資料!$O:$O, (MATCH(3, 輔助計算!$E$2:$E$801, 0)+1))), "") | J4: =IFERROR(IF(INDEX(輔助計算!$D:$D,(MATCH(3, 輔助計算!$E$2:$E$801, 0)+1))="","",INDEX(輔助計算!$D:$D,(MATCH(3, 輔助計算!$E$2:$E$801, 0)+1))*INDEX(ERP資料!$O:$O,(MATCH(3, 輔助計算!$E$2:$E$801, 0)+1))), "")
A5: =IFERROR(IF(INDEX(ERP資料!$B:$B, (MATCH(4, 輔助計算!$E$2:$E$801, 0)+1))="","",INDEX(ERP資料!$B:$B, (MATCH(4, 輔助計算!$E$2:$E$801, 0)+1))), "") | B5: =IFERROR(IF(INDEX(ERP資料!$A:$A, (MATCH(4, 輔助計算!$E$2:$E$801, 0)+1))="","",INDEX(ERP資料!$A:$A, (MATCH(4, 輔助計算!$E$2:$E$801, 0)+1))), "") | C5: =IFERROR(IF(INDEX(ERP資料!$S:$S, (MATCH(4, 輔助計算!$E$2:$E$801, 0)+1))="","",INDEX(ERP資料!$S:$S, (MATCH(4, 輔助計算!$E$2:$E$801, 0)+1))), "") | D5: =IFERROR(IF(INDEX(ERP資料!$E:$E, (MATCH(4, 輔助計算!$E$2:$E$801, 0)+1))="","",TRIM(INDEX(ERP資料!$E:$E, (MATCH(4, 輔助計算!$E$2:$E$801, 0)+1)))), "") | E5: =IFERROR(IF(INDEX(ERP資料!$F:$F, (MATCH(4, 輔助計算!$E$2:$E$801, 0)+1))="","",INDEX(ERP資料!$F:$F, (MATCH(4, 輔助計算!$E$2:$E$801, 0)+1))), "") | F5: =IFERROR(IF(INDEX(ERP資料!$G:$G, (MATCH(4, 輔助計算!$E$2:$E$801, 0)+1))="","",INDEX(ERP資料!$G:$G, (MATCH(4, 輔助計算!$E$2:$E$801, 0)+1))), "") | G5: =IFERROR(IF(INDEX(ERP資料!$H:$H, (MATCH(4, 輔助計算!$E$2:$E$801, 0)+1))="","",INDEX(ERP資料!$H:$H, (MATCH(4, 輔助計算!$E$2:$E$801, 0)+1))), "") | H5: =IFERROR(INDEX(輔助計算!$D:$D, (MATCH(4, 輔助計算!$E$2:$E$801, 0)+1)), "") | I5: =IFERROR(IF(INDEX(ERP資料!$O:$O, (MATCH(4, 輔助計算!$E$2:$E$801, 0)+1))="","",INDEX(ERP資料!$O:$O, (MATCH(4, 輔助計算!$E$2:$E$801, 0)+1))), "") | J5: =IFERROR(IF(INDEX(輔助計算!$D:$D,(MATCH(4, 輔助計算!$E$2:$E$801, 0)+1))="","",INDEX(輔助計算!$D:$D,(MATCH(4, 輔助計算!$E$2:$E$801, 0)+1))*INDEX(ERP資料!$O:$O,(MATCH(4, 輔助計算!$E$2:$E$801, 0)+1))), "")
A6: =IFERROR(IF(INDEX(ERP資料!$B:$B, (MATCH(5, 輔助計算!$E$2:$E$801, 0)+1))="","",INDEX(ERP資料!$B:$B, (MATCH(5, 輔助計算!$E$2:$E$801, 0)+1))), "") | B6: =IFERROR(IF(INDEX(ERP資料!$A:$A, (MATCH(5, 輔助計算!$E$2:$E$801, 0)+1))="","",INDEX(ERP資料!$A:$A, (MATCH(5, 輔助計算!$E$2:$E$801, 0)+1))), "") | C6: =IFERROR(IF(INDEX(ERP資料!$S:$S, (MATCH(5, 輔助計算!$E$2:$E$801, 0)+1))="","",INDEX(ERP資料!$S:$S, (MATCH(5, 輔助計算!$E$2:$E$801, 0)+1))), "") | D6: =IFERROR(IF(INDEX(ERP資料!$E:$E, (MATCH(5, 輔助計算!$E$2:$E$801, 0)+1))="","",TRIM(INDEX(ERP資料!$E:$E, (MATCH(5, 輔助計算!$E$2:$E$801, 0)+1)))), "") | E6: =IFERROR(IF(INDEX(ERP資料!$F:$F, (MATCH(5, 輔助計算!$E$2:$E$801, 0)+1))="","",INDEX(ERP資料!$F:$F, (MATCH(5, 輔助計算!$E$2:$E$801, 0)+1))), "") | F6: =IFERROR(IF(INDEX(ERP資料!$G:$G, (MATCH(5, 輔助計算!$E$2:$E$801, 0)+1))="","",INDEX(ERP資料!$G:$G, (MATCH(5, 輔助計算!$E$2:$E$801, 0)+1))), "") | G6: =IFERROR(IF(INDEX(ERP資料!$H:$H, (MATCH(5, 輔助計算!$E$2:$E$801, 0)+1))="","",INDEX(ERP資料!$H:$H, (MATCH(5, 輔助計算!$E$2:$E$801, 0)+1))), "") | H6: =IFERROR(INDEX(輔助計算!$D:$D, (MATCH(5, 輔助計算!$E$2:$E$801, 0)+1)), "") | I6: =IFERROR(IF(INDEX(ERP資料!$O:$O, (MATCH(5, 輔助計算!$E$2:$E$801, 0)+1))="","",INDEX(ERP資料!$O:$O, (MATCH(5, 輔助計算!$E$2:$E$801, 0)+1))), "") | J6: =IFERROR(IF(INDEX(輔助計算!$D:$D,(MATCH(5, 輔助計算!$E$2:$E$801, 0)+1))="","",INDEX(輔助計算!$D:$D,(MATCH(5, 輔助計算!$E$2:$E$801, 0)+1))*INDEX(ERP資料!$O:$O,(MATCH(5, 輔助計算!$E$2:$E$801, 0)+1))), "")
A7: =IFERROR(IF(INDEX(ERP資料!$B:$B, (MATCH(6, 輔助計算!$E$2:$E$801, 0)+1))="","",INDEX(ERP資料!$B:$B, (MATCH(6, 輔助計算!$E$2:$E$801, 0)+1))), "") | B7: =IFERROR(IF(INDEX(ERP資料!$A:$A, (MATCH(6, 輔助計算!$E$2:$E$801, 0)+1))="","",INDEX(ERP資料!$A:$A, (MATCH(6, 輔助計算!$E$2:$E$801, 0)+1))), "") | C7: =IFERROR(IF(INDEX(ERP資料!$S:$S, (MATCH(6, 輔助計算!$E$2:$E$801, 0)+1))="","",INDEX(ERP資料!$S:$S, (MATCH(6, 輔助計算!$E$2:$E$801, 0)+1))), "") | D7: =IFERROR(IF(INDEX(ERP資料!$E:$E, (MATCH(6, 輔助計算!$E$2:$E$801, 0)+1))="","",TRIM(INDEX(ERP資料!$E:$E, (MATCH(6, 輔助計算!$E$2:$E$801, 0)+1)))), "") | E7: =IFERROR(IF(INDEX(ERP資料!$F:$F, (MATCH(6, 輔助計算!$E$2:$E$801, 0)+1))="","",INDEX(ERP資料!$F:$F, (MATCH(6, 輔助計算!$E$2:$E$801, 0)+1))), "") | F7: =IFERROR(IF(INDEX(ERP資料!$G:$G, (MATCH(6, 輔助計算!$E$2:$E$801, 0)+1))="","",INDEX(ERP資料!$G:$G, (MATCH(6, 輔助計算!$E$2:$E$801, 0)+1))), "") | G7: =IFERROR(IF(INDEX(ERP資料!$H:$H, (MATCH(6, 輔助計算!$E$2:$E$801, 0)+1))="","",INDEX(ERP資料!$H:$H, (MATCH(6, 輔助計算!$E$2:$E$801, 0)+1))), "") | H7: =IFERROR(INDEX(輔助計算!$D:$D, (MATCH(6, 輔助計算!$E$2:$E$801, 0)+1)), "") | I7: =IFERROR(IF(INDEX(ERP資料!$O:$O, (MATCH(6, 輔助計算!$E$2:$E$801, 0)+1))="","",INDEX(ERP資料!$O:$O, (MATCH(6, 輔助計算!$E$2:$E$801, 0)+1))), "") | J7: =IFERROR(IF(INDEX(輔助計算!$D:$D,(MATCH(6, 輔助計算!$E$2:$E$801, 0)+1))="","",INDEX(輔助計算!$D:$D,(MATCH(6, 輔助計算!$E$2:$E$801, 0)+1))*INDEX(ERP資料!$O:$O,(MATCH(6, 輔助計算!$E$2:$E$801, 0)+1))), "")
A8: =IFERROR(IF(INDEX(ERP資料!$B:$B, (MATCH(7, 輔助計算!$E$2:$E$801, 0)+1))="","",INDEX(ERP資料!$B:$B, (MATCH(7, 輔助計算!$E$2:$E$801, 0)+1))), "") | B8: =IFERROR(IF(INDEX(ERP資料!$A:$A, (MATCH(7, 輔助計算!$E$2:$E$801, 0)+1))="","",INDEX(ERP資料!$A:$A, (MATCH(7, 輔助計算!$E$2:$E$801, 0)+1))), "") | C8: =IFERROR(IF(INDEX(ERP資料!$S:$S, (MATCH(7, 輔助計算!$E$2:$E$801, 0)+1))="","",INDEX(ERP資料!$S:$S, (MATCH(7, 輔助計算!$E$2:$E$801, 0)+1))), "") | D8: =IFERROR(IF(INDEX(ERP資料!$E:$E, (MATCH(7, 輔助計算!$E$2:$E$801, 0)+1))="","",TRIM(INDEX(ERP資料!$E:$E, (MATCH(7, 輔助計算!$E$2:$E$801, 0)+1)))), "") | E8: =IFERROR(IF(INDEX(ERP資料!$F:$F, (MATCH(7, 輔助計算!$E$2:$E$801, 0)+1))="","",INDEX(ERP資料!$F:$F, (MATCH(7, 輔助計算!$E$2:$E$801, 0)+1))), "") | F8: =IFERROR(IF(INDEX(ERP資料!$G:$G, (MATCH(7, 輔助計算!$E$2:$E$801, 0)+1))="","",INDEX(ERP資料!$G:$G, (MATCH(7, 輔助計算!$E$2:$E$801, 0)+1))), "") | G8: =IFERROR(IF(INDEX(ERP資料!$H:$H, (MATCH(7, 輔助計算!$E$2:$E$801, 0)+1))="","",INDEX(ERP資料!$H:$H, (MATCH(7, 輔助計算!$E$2:$E$801, 0)+1))), "") | H8: =IFERROR(INDEX(輔助計算!$D:$D, (MATCH(7, 輔助計算!$E$2:$E$801, 0)+1)), "") | I8: =IFERROR(IF(INDEX(ERP資料!$O:$O, (MATCH(7, 輔助計算!$E$2:$E$801, 0)+1))="","",INDEX(ERP資料!$O:$O, (MATCH(7, 輔助計算!$E$2:$E$801, 0)+1))), "") | J8: =IFERROR(IF(INDEX(輔助計算!$D:$D,(MATCH(7, 輔助計算!$E$2:$E$801, 0)+1))="","",INDEX(輔助計算!$D:$D,(MATCH(7, 輔助計算!$E$2:$E$801, 0)+1))*INDEX(ERP資料!$O:$O,(MATCH(7, 輔助計算!$E$2:$E$801, 0)+1))), "")
A9: =IFERROR(IF(INDEX(ERP資料!$B:$B, (MATCH(8, 輔助計算!$E$2:$E$801, 0)+1))="","",INDEX(ERP資料!$B:$B, (MATCH(8, 輔助計算!$E$2:$E$801, 0)+1))), "") | B9: =IFERROR(IF(INDEX(ERP資料!$A:$A, (MATCH(8, 輔助計算!$E$2:$E$801, 0)+1))="","",INDEX(ERP資料!$A:$A, (MATCH(8, 輔助計算!$E$2:$E$801, 0)+1))), "") | C9: =IFERROR(IF(INDEX(ERP資料!$S:$S, (MATCH(8, 輔助計算!$E$2:$E$801, 0)+1))="","",INDEX(ERP資料!$S:$S, (MATCH(8, 輔助計算!$E$2:$E$801, 0)+1))), "") | D9: =IFERROR(IF(INDEX(ERP資料!$E:$E, (MATCH(8, 輔助計算!$E$2:$E$801, 0)+1))="","",TRIM(INDEX(ERP資料!$E:$E, (MATCH(8, 輔助計算!$E$2:$E$801, 0)+1)))), "") | E9: =IFERROR(IF(INDEX(ERP資料!$F:$F, (MATCH(8, 輔助計算!$E$2:$E$801, 0)+1))="","",INDEX(ERP資料!$F:$F, (MATCH(8, 輔助計算!$E$2:$E$801, 0)+1))), "") | F9: =IFERROR(IF(INDEX(ERP資料!$G:$G, (MATCH(8, 輔助計算!$E$2:$E$801, 0)+1))="","",INDEX(ERP資料!$G:$G, (MATCH(8, 輔助計算!$E$2:$E$801, 0)+1))), "") | G9: =IFERROR(IF(INDEX(ERP資料!$H:$H, (MATCH(8, 輔助計算!$E$2:$E$801, 0)+1))="","",INDEX(ERP資料!$H:$H, (MATCH(8, 輔助計算!$E$2:$E$801, 0)+1))), "") | H9: =IFERROR(INDEX(輔助計算!$D:$D, (MATCH(8, 輔助計算!$E$2:$E$801, 0)+1)), "") | I9: =IFERROR(IF(INDEX(ERP資料!$O:$O, (MATCH(8, 輔助計算!$E$2:$E$801, 0)+1))="","",INDEX(ERP資料!$O:$O, (MATCH(8, 輔助計算!$E$2:$E$801, 0)+1))), "") | J9: =IFERROR(IF(INDEX(輔助計算!$D:$D,(MATCH(8, 輔助計算!$E$2:$E$801, 0)+1))="","",INDEX(輔助計算!$D:$D,(MATCH(8, 輔助計算!$E$2:$E$801, 0)+1))*INDEX(ERP資料!$O:$O,(MATCH(8, 輔助計算!$E$2:$E$801, 0)+1))), "")
A10: =IFERROR(IF(INDEX(ERP資料!$B:$B, (MATCH(9, 輔助計算!$E$2:$E$801, 0)+1))="","",INDEX(ERP資料!$B:$B, (MATCH(9, 輔助計算!$E$2:$E$801, 0)+1))), "") | B10: =IFERROR(IF(INDEX(ERP資料!$A:$A, (MATCH(9, 輔助計算!$E$2:$E$801, 0)+1))="","",INDEX(ERP資料!$A:$A, (MATCH(9, 輔助計算!$E$2:$E$801, 0)+1))), "") | C10: =IFERROR(IF(INDEX(ERP資料!$S:$S, (MATCH(9, 輔助計算!$E$2:$E$801, 0)+1))="","",INDEX(ERP資料!$S:$S, (MATCH(9, 輔助計算!$E$2:$E$801, 0)+1))), "") | D10: =IFERROR(IF(INDEX(ERP資料!$E:$E, (MATCH(9, 輔助計算!$E$2:$E$801, 0)+1))="","",TRIM(INDEX(ERP資料!$E:$E, (MATCH(9, 輔助計算!$E$2:$E$801, 0)+1)))), "") | E10: =IFERROR(IF(INDEX(ERP資料!$F:$F, (MATCH(9, 輔助計算!$E$2:$E$801, 0)+1))="","",INDEX(ERP資料!$F:$F, (MATCH(9, 輔助計算!$E$2:$E$801, 0)+1))), "") | F10: =IFERROR(IF(INDEX(ERP資料!$G:$G, (MATCH(9, 輔助計算!$E$2:$E$801, 0)+1))="","",INDEX(ERP資料!$G:$G, (MATCH(9, 輔助計算!$E$2:$E$801, 0)+1))), "") | G10: =IFERROR(IF(INDEX(ERP資料!$H:$H, (MATCH(9, 輔助計算!$E$2:$E$801, 0)+1))="","",INDEX(ERP資料!$H:$H, (MATCH(9, 輔助計算!$E$2:$E$801, 0)+1))), "") | H10: =IFERROR(INDEX(輔助計算!$D:$D, (MATCH(9, 輔助計算!$E$2:$E$801, 0)+1)), "") | I10: =IFERROR(IF(INDEX(ERP資料!$O:$O, (MATCH(9, 輔助計算!$E$2:$E$801, 0)+1))="","",INDEX(ERP資料!$O:$O, (MATCH(9, 輔助計算!$E$2:$E$801, 0)+1))), "") | J10: =IFERROR(IF(INDEX(輔助計算!$D:$D,(MATCH(9, 輔助計算!$E$2:$E$801, 0)+1))="","",INDEX(輔助計算!$D:$D,(MATCH(9, 輔助計算!$E$2:$E$801, 0)+1))*INDEX(ERP資料!$O:$O,(MATCH(9, 輔助計算!$E$2:$E$801, 0)+1))), "")
A11: =IFERROR(IF(INDEX(ERP資料!$B:$B, (MATCH(10, 輔助計算!$E$2:$E$801, 0)+1))="","",INDEX(ERP資料!$B:$B, (MATCH(10, 輔助計算!$E$2:$E$801, 0)+1))), "") | B11: =IFERROR(IF(INDEX(ERP資料!$A:$A, (MATCH(10, 輔助計算!$E$2:$E$801, 0)+1))="","",INDEX(ERP資料!$A:$A, (MATCH(10, 輔助計算!$E$2:$E$801, 0)+1))), "") | C11: =IFERROR(IF(INDEX(ERP資料!$S:$S, (MATCH(10, 輔助計算!$E$2:$E$801, 0)+1))="","",INDEX(ERP資料!$S:$S, (MATCH(10, 輔助計算!$E$2:$E$801, 0)+1))), "") | D11: =IFERROR(IF(INDEX(ERP資料!$E:$E, (MATCH(10, 輔助計算!$E$2:$E$801, 0)+1))="","",TRIM(INDEX(ERP資料!$E:$E, (MATCH(10, 輔助計算!$E$2:$E$801, 0)+1)))), "") | E11: =IFERROR(IF(INDEX(ERP資料!$F:$F, (MATCH(10, 輔助計算!$E$2:$E$801, 0)+1))="","",INDEX(ERP資料!$F:$F, (MATCH(10, 輔助計算!$E$2:$E$801, 0)+1))), "") | F11: =IFERROR(IF(INDEX(ERP資料!$G:$G, (MATCH(10, 輔助計算!$E$2:$E$801, 0)+1))="","",INDEX(ERP資料!$G:$G, (MATCH(10, 輔助計算!$E$2:$E$801, 0)+1))), "") | G11: =IFERROR(IF(INDEX(ERP資料!$H:$H, (MATCH(10, 輔助計算!$E$2:$E$801, 0)+1))="","",INDEX(ERP資料!$H:$H, (MATCH(10, 輔助計算!$E$2:$E$801, 0)+1))), "") | H11: =IFERROR(INDEX(輔助計算!$D:$D, (MATCH(10, 輔助計算!$E$2:$E$801, 0)+1)), "") | I11: =IFERROR(IF(INDEX(ERP資料!$O:$O, (MATCH(10, 輔助計算!$E$2:$E$801, 0)+1))="","",INDEX(ERP資料!$O:$O, (MATCH(10, 輔助計算!$E$2:$E$801, 0)+1))), "") | J11: =IFERROR(IF(INDEX(輔助計算!$D:$D,(MATCH(10, 輔助計算!$E$2:$E$801, 0)+1))="","",INDEX(輔助計算!$D:$D,(MATCH(10, 輔助計算!$E$2:$E$801, 0)+1))*INDEX(ERP資料!$O:$O,(MATCH(10, 輔助計算!$E$2:$E$801, 0)+1))), "")
A12: =IFERROR(IF(INDEX(ERP資料!$B:$B, (MATCH(11, 輔助計算!$E$2:$E$801, 0)+1))="","",INDEX(ERP資料!$B:$B, (MATCH(11, 輔助計算!$E$2:$E$801, 0)+1))), "") | B12: =IFERROR(IF(INDEX(ERP資料!$A:$A, (MATCH(11, 輔助計算!$E$2:$E$801, 0)+1))="","",INDEX(ERP資料!$A:$A, (MATCH(11, 輔助計算!$E$2:$E$801, 0)+1))), "") | C12: =IFERROR(IF(INDEX(ERP資料!$S:$S, (MATCH(11, 輔助計算!$E$2:$E$801, 0)+1))="","",INDEX(ERP資料!$S:$S, (MATCH(11, 輔助計算!$E$2:$E$801, 0)+1))), "") | D12: =IFERROR(IF(INDEX(ERP資料!$E:$E, (MATCH(11, 輔助計算!$E$2:$E$801, 0)+1))="","",TRIM(INDEX(ERP資料!$E:$E, (MATCH(11, 輔助計算!$E$2:$E$801, 0)+1)))), "") | E12: =IFERROR(IF(INDEX(ERP資料!$F:$F, (MATCH(11, 輔助計算!$E$2:$E$801, 0)+1))="","",INDEX(ERP資料!$F:$F, (MATCH(11, 輔助計算!$E$2:$E$801, 0)+1))), "") | F12: =IFERROR(IF(INDEX(ERP資料!$G:$G, (MATCH(11, 輔助計算!$E$2:$E$801, 0)+1))="","",INDEX(ERP資料!$G:$G, (MATCH(11, 輔助計算!$E$2:$E$801, 0)+1))), "") | G12: =IFERROR(IF(INDEX(ERP資料!$H:$H, (MATCH(11, 輔助計算!$E$2:$E$801, 0)+1))="","",INDEX(ERP資料!$H:$H, (MATCH(11, 輔助計算!$E$2:$E$801, 0)+1))), "") | H12: =IFERROR(INDEX(輔助計算!$D:$D, (MATCH(11, 輔助計算!$E$2:$E$801, 0)+1)), "") | I12: =IFERROR(IF(INDEX(ERP資料!$O:$O, (MATCH(11, 輔助計算!$E$2:$E$801, 0)+1))="","",INDEX(ERP資料!$O:$O, (MATCH(11, 輔助計算!$E$2:$E$801, 0)+1))), "") | J12: =IFERROR(IF(INDEX(輔助計算!$D:$D,(MATCH(11, 輔助計算!$E$2:$E$801, 0)+1))="","",INDEX(輔助計算!$D:$D,(MATCH(11, 輔助計算!$E$2:$E$801, 0)+1))*INDEX(ERP資料!$O:$O,(MATCH(11, 輔助計算!$E$2:$E$801, 0)+1))), "")
A13: =IFERROR(IF(INDEX(ERP資料!$B:$B, (MATCH(12, 輔助計算!$E$2:$E$801, 0)+1))="","",INDEX(ERP資料!$B:$B, (MATCH(12, 輔助計算!$E$2:$E$801, 0)+1))), "") | B13: =IFERROR(IF(INDEX(ERP資料!$A:$A, (MATCH(12, 輔助計算!$E$2:$E$801, 0)+1))="","",INDEX(ERP資料!$A:$A, (MATCH(12, 輔助計算!$E$2:$E$801, 0)+1))), "") | C13: =IFERROR(IF(INDEX(ERP資料!$S:$S, (MATCH(12, 輔助計算!$E$2:$E$801, 0)+1))="","",INDEX(ERP資料!$S:$S, (MATCH(12, 輔助計算!$E$2:$E$801, 0)+1))), "") | D13: =IFERROR(IF(INDEX(ERP資料!$E:$E, (MATCH(12, 輔助計算!$E$2:$E$801, 0)+1))="","",TRIM(INDEX(ERP資料!$E:$E, (MATCH(12, 輔助計算!$E$2:$E$801, 0)+1)))), "") | E13: =IFERROR(IF(INDEX(ERP資料!$F:$F, (MATCH(12, 輔助計算!$E$2:$E$801, 0)+1))="","",INDEX(ERP資料!$F:$F, (MATCH(12, 輔助計算!$E$2:$E$801, 0)+1))), "") | F13: =IFERROR(IF(INDEX(ERP資料!$G:$G, (MATCH(12, 輔助計算!$E$2:$E$801, 0)+1))="","",INDEX(ERP資料!$G:$G, (MATCH(12, 輔助計算!$E$2:$E$801, 0)+1))), "") | G13: =IFERROR(IF(INDEX(ERP資料!$H:$H, (MATCH(12, 輔助計算!$E$2:$E$801, 0)+1))="","",INDEX(ERP資料!$H:$H, (MATCH(12, 輔助計算!$E$2:$E$801, 0)+1))), "") | H13: =IFERROR(INDEX(輔助計算!$D:$D, (MATCH(12, 輔助計算!$E$2:$E$801, 0)+1)), "") | I13: =IFERROR(IF(INDEX(ERP資料!$O:$O, (MATCH(12, 輔助計算!$E$2:$E$801, 0)+1))="","",INDEX(ERP資料!$O:$O, (MATCH(12, 輔助計算!$E$2:$E$801, 0)+1))), "") | J13: =IFERROR(IF(INDEX(輔助計算!$D:$D,(MATCH(12, 輔助計算!$E$2:$E$801, 0)+1))="","",INDEX(輔助計算!$D:$D,(MATCH(12, 輔助計算!$E$2:$E$801, 0)+1))*INDEX(ERP資料!$O:$O,(MATCH(12, 輔助計算!$E$2:$E$801, 0)+1))), "")
A14: =IFERROR(IF(INDEX(ERP資料!$B:$B, (MATCH(13, 輔助計算!$E$2:$E$801, 0)+1))="","",INDEX(ERP資料!$B:$B, (MATCH(13, 輔助計算!$E$2:$E$801, 0)+1))), "") | B14: =IFERROR(IF(INDEX(ERP資料!$A:$A, (MATCH(13, 輔助計算!$E$2:$E$801, 0)+1))="","",INDEX(ERP資料!$A:$A, (MATCH(13, 輔助計算!$E$2:$E$801, 0)+1))), "") | C14: =IFERROR(IF(INDEX(ERP資料!$S:$S, (MATCH(13, 輔助計算!$E$2:$E$801, 0)+1))="","",INDEX(ERP資料!$S:$S, (MATCH(13, 輔助計算!$E$2:$E$801, 0)+1))), "") | D14: =IFERROR(IF(INDEX(ERP資料!$E:$E, (MATCH(13, 輔助計算!$E$2:$E$801, 0)+1))="","",TRIM(INDEX(ERP資料!$E:$E, (MATCH(13, 輔助計算!$E$2:$E$801, 0)+1)))), "") | E14: =IFERROR(IF(INDEX(ERP資料!$F:$F, (MATCH(13, 輔助計算!$E$2:$E$801, 0)+1))="","",INDEX(ERP資料!$F:$F, (MATCH(13, 輔助計算!$E$2:$E$801, 0)+1))), "") | F14: =IFERROR(IF(INDEX(ERP資料!$G:$G, (MATCH(13, 輔助計算!$E$2:$E$801, 0)+1))="","",INDEX(ERP資料!$G:$G, (MATCH(13, 輔助計算!$E$2:$E$801, 0)+1))), "") | G14: =IFERROR(IF(INDEX(ERP資料!$H:$H, (MATCH(13, 輔助計算!$E$2:$E$801, 0)+1))="","",INDEX(ERP資料!$H:$H, (MATCH(13, 輔助計算!$E$2:$E$801, 0)+1))), "") | H14: =IFERROR(INDEX(輔助計算!$D:$D, (MATCH(13, 輔助計算!$E$2:$E$801, 0)+1)), "") | I14: =IFERROR(IF(INDEX(ERP資料!$O:$O, (MATCH(13, 輔助計算!$E$2:$E$801, 0)+1))="","",INDEX(ERP資料!$O:$O, (MATCH(13, 輔助計算!$E$2:$E$801, 0)+1))), "") | J14: =IFERROR(IF(INDEX(輔助計算!$D:$D,(MATCH(13, 輔助計算!$E$2:$E$801, 0)+1))="","",INDEX(輔助計算!$D:$D,(MATCH(13, 輔助計算!$E$2:$E$801, 0)+1))*INDEX(ERP資料!$O:$O,(MATCH(13, 輔助計算!$E$2:$E$801, 0)+1))), "")
A15: =IFERROR(IF(INDEX(ERP資料!$B:$B, (MATCH(14, 輔助計算!$E$2:$E$801, 0)+1))="","",INDEX(ERP資料!$B:$B, (MATCH(14, 輔助計算!$E$2:$E$801, 0)+1))), "") | B15: =IFERROR(IF(INDEX(ERP資料!$A:$A, (MATCH(14, 輔助計算!$E$2:$E$801, 0)+1))="","",INDEX(ERP資料!$A:$A, (MATCH(14, 輔助計算!$E$2:$E$801, 0)+1))), "") | C15: =IFERROR(IF(INDEX(ERP資料!$S:$S, (MATCH(14, 輔助計算!$E$2:$E$801, 0)+1))="","",INDEX(ERP資料!$S:$S, (MATCH(14, 輔助計算!$E$2:$E$801, 0)+1))), "") | D15: =IFERROR(IF(INDEX(ERP資料!$E:$E, (MATCH(14, 輔助計算!$E$2:$E$801, 0)+1))="","",TRIM(INDEX(ERP資料!$E:$E, (MATCH(14, 輔助計算!$E$2:$E$801, 0)+1)))), "") | E15: =IFERROR(IF(INDEX(ERP資料!$F:$F, (MATCH(14, 輔助計算!$E$2:$E$801, 0)+1))="","",INDEX(ERP資料!$F:$F, (MATCH(14, 輔助計算!$E$2:$E$801, 0)+1))), "") | F15: =IFERROR(IF(INDEX(ERP資料!$G:$G, (MATCH(14, 輔助計算!$E$2:$E$801, 0)+1))="","",INDEX(ERP資料!$G:$G, (MATCH(14, 輔助計算!$E$2:$E$801, 0)+1))), "") | G15: =IFERROR(IF(INDEX(ERP資料!$H:$H, (MATCH(14, 輔助計算!$E$2:$E$801, 0)+1))="","",INDEX(ERP資料!$H:$H, (MATCH(14, 輔助計算!$E$2:$E$801, 0)+1))), "") | H15: =IFERROR(INDEX(輔助計算!$D:$D, (MATCH(14, 輔助計算!$E$2:$E$801, 0)+1)), "") | I15: =IFERROR(IF(INDEX(ERP資料!$O:$O, (MATCH(14, 輔助計算!$E$2:$E$801, 0)+1))="","",INDEX(ERP資料!$O:$O, (MATCH(14, 輔助計算!$E$2:$E$801, 0)+1))), "") | J15: =IFERROR(IF(INDEX(輔助計算!$D:$D,(MATCH(14, 輔助計算!$E$2:$E$801, 0)+1))="","",INDEX(輔助計算!$D:$D,(MATCH(14, 輔助計算!$E$2:$E$801, 0)+1))*INDEX(ERP資料!$O:$O,(MATCH(14, 輔助計算!$E$2:$E$801, 0)+1))), "")
A16: =IFERROR(IF(INDEX(ERP資料!$B:$B, (MATCH(15, 輔助計算!$E$2:$E$801, 0)+1))="","",INDEX(ERP資料!$B:$B, (MATCH(15, 輔助計算!$E$2:$E$801, 0)+1))), "") | B16: =IFERROR(IF(INDEX(ERP資料!$A:$A, (MATCH(15, 輔助計算!$E$2:$E$801, 0)+1))="","",INDEX(ERP資料!$A:$A, (MATCH(15, 輔助計算!$E$2:$E$801, 0)+1))), "") | C16: =IFERROR(IF(INDEX(ERP資料!$S:$S, (MATCH(15, 輔助計算!$E$2:$E$801, 0)+1))="","",INDEX(ERP資料!$S:$S, (MATCH(15, 輔助計算!$E$2:$E$801, 0)+1))), "") | D16: =IFERROR(IF(INDEX(ERP資料!$E:$E, (MATCH(15, 輔助計算!$E$2:$E$801, 0)+1))="","",TRIM(INDEX(ERP資料!$E:$E, (MATCH(15, 輔助計算!$E$2:$E$801, 0)+1)))), "") | E16: =IFERROR(IF(INDEX(ERP資料!$F:$F, (MATCH(15, 輔助計算!$E$2:$E$801, 0)+1))="","",INDEX(ERP資料!$F:$F, (MATCH(15, 輔助計算!$E$2:$E$801, 0)+1))), "") | F16: =IFERROR(IF(INDEX(ERP資料!$G:$G, (MATCH(15, 輔助計算!$E$2:$E$801, 0)+1))="","",INDEX(ERP資料!$G:$G, (MATCH(15, 輔助計算!$E$2:$E$801, 0)+1))), "") | G16: =IFERROR(IF(INDEX(ERP資料!$H:$H, (MATCH(15, 輔助計算!$E$2:$E$801, 0)+1))="","",INDEX(ERP資料!$H:$H, (MATCH(15, 輔助計算!$E$2:$E$801, 0)+1))), "") | H16: =IFERROR(INDEX(輔助計算!$D:$D, (MATCH(15, 輔助計算!$E$2:$E$801, 0)+1)), "") | I16: =IFERROR(IF(INDEX(ERP資料!$O:$O, (MATCH(15, 輔助計算!$E$2:$E$801, 0)+1))="","",INDEX(ERP資料!$O:$O, (MATCH(15, 輔助計算!$E$2:$E$801, 0)+1))), "") | J16: =IFERROR(IF(INDEX(輔助計算!$D:$D,(MATCH(15, 輔助計算!$E$2:$E$801, 0)+1))="","",INDEX(輔助計算!$D:$D,(MATCH(15, 輔助計算!$E$2:$E$801, 0)+1))*INDEX(ERP資料!$O:$O,(MATCH(15, 輔助計算!$E$2:$E$801, 0)+1))), "")
A17: =IFERROR(IF(INDEX(ERP資料!$B:$B, (MATCH(16, 輔助計算!$E$2:$E$801, 0)+1))="","",INDEX(ERP資料!$B:$B, (MATCH(16, 輔助計算!$E$2:$E$801, 0)+1))), "") | B17: =IFERROR(IF(INDEX(ERP資料!$A:$A, (MATCH(16, 輔助計算!$E$2:$E$801, 0)+1))="","",INDEX(ERP資料!$A:$A, (MATCH(16, 輔助計算!$E$2:$E$801, 0)+1))), "") | C17: =IFERROR(IF(INDEX(ERP資料!$S:$S, (MATCH(16, 輔助計算!$E$2:$E$801, 0)+1))="","",INDEX(ERP資料!$S:$S, (MATCH(16, 輔助計算!$E$2:$E$801, 0)+1))), "") | D17: =IFERROR(IF(INDEX(ERP資料!$E:$E, (MATCH(16, 輔助計算!$E$2:$E$801, 0)+1))="","",TRIM(INDEX(ERP資料!$E:$E, (MATCH(16, 輔助計算!$E$2:$E$801, 0)+1)))), "") | E17: =IFERROR(IF(INDEX(ERP資料!$F:$F, (MATCH(16, 輔助計算!$E$2:$E$801, 0)+1))="","",INDEX(ERP資料!$F:$F, (MATCH(16, 輔助計算!$E$2:$E$801, 0)+1))), "") | F17: =IFERROR(IF(INDEX(ERP資料!$G:$G, (MATCH(16, 輔助計算!$E$2:$E$801, 0)+1))="","",INDEX(ERP資料!$G:$G, (MATCH(16, 輔助計算!$E$2:$E$801, 0)+1))), "") | G17: =IFERROR(IF(INDEX(ERP資料!$H:$H, (MATCH(16, 輔助計算!$E$2:$E$801, 0)+1))="","",INDEX(ERP資料!$H:$H, (MATCH(16, 輔助計算!$E$2:$E$801, 0)+1))), "") | H17: =IFERROR(INDEX(輔助計算!$D:$D, (MATCH(16, 輔助計算!$E$2:$E$801, 0)+1)), "") | I17: =IFERROR(IF(INDEX(ERP資料!$O:$O, (MATCH(16, 輔助計算!$E$2:$E$801, 0)+1))="","",INDEX(ERP資料!$O:$O, (MATCH(16, 輔助計算!$E$2:$E$801, 0)+1))), "") | J17: =IFERROR(IF(INDEX(輔助計算!$D:$D,(MATCH(16, 輔助計算!$E$2:$E$801, 0)+1))="","",INDEX(輔助計算!$D:$D,(MATCH(16, 輔助計算!$E$2:$E$801, 0)+1))*INDEX(ERP資料!$O:$O,(MATCH(16, 輔助計算!$E$2:$E$801, 0)+1))), "")
A18: =IFERROR(IF(INDEX(ERP資料!$B:$B, (MATCH(17, 輔助計算!$E$2:$E$801, 0)+1))="","",INDEX(ERP資料!$B:$B, (MATCH(17, 輔助計算!$E$2:$E$801, 0)+1))), "") | B18: =IFERROR(IF(INDEX(ERP資料!$A:$A, (MATCH(17, 輔助計算!$E$2:$E$801, 0)+1))="","",INDEX(ERP資料!$A:$A, (MATCH(17, 輔助計算!$E$2:$E$801, 0)+1))), "") | C18: =IFERROR(IF(INDEX(ERP資料!$S:$S, (MATCH(17, 輔助計算!$E$2:$E$801, 0)+1))="","",INDEX(ERP資料!$S:$S, (MATCH(17, 輔助計算!$E$2:$E$801, 0)+1))), "") | D18: =IFERROR(IF(INDEX(ERP資料!$E:$E, (MATCH(17, 輔助計算!$E$2:$E$801, 0)+1))="","",TRIM(INDEX(ERP資料!$E:$E, (MATCH(17, 輔助計算!$E$2:$E$801, 0)+1)))), "") | E18: =IFERROR(IF(INDEX(ERP資料!$F:$F, (MATCH(17, 輔助計算!$E$2:$E$801, 0)+1))="","",INDEX(ERP資料!$F:$F, (MATCH(17, 輔助計算!$E$2:$E$801, 0)+1))), "") | F18: =IFERROR(IF(INDEX(ERP資料!$G:$G, (MATCH(17, 輔助計算!$E$2:$E$801, 0)+1))="","",INDEX(ERP資料!$G:$G, (MATCH(17, 輔助計算!$E$2:$E$801, 0)+1))), "") | G18: =IFERROR(IF(INDEX(ERP資料!$H:$H, (MATCH(17, 輔助計算!$E$2:$E$801, 0)+1))="","",INDEX(ERP資料!$H:$H, (MATCH(17, 輔助計算!$E$2:$E$801, 0)+1))), "") | H18: =IFERROR(INDEX(輔助計算!$D:$D, (MATCH(17, 輔助計算!$E$2:$E$801, 0)+1)), "") | I18: =IFERROR(IF(INDEX(ERP資料!$O:$O, (MATCH(17, 輔助計算!$E$2:$E$801, 0)+1))="","",INDEX(ERP資料!$O:$O, (MATCH(17, 輔助計算!$E$2:$E$801, 0)+1))), "") | J18: =IFERROR(IF(INDEX(輔助計算!$D:$D,(MATCH(17, 輔助計算!$E$2:$E$801, 0)+1))="","",INDEX(輔助計算!$D:$D,(MATCH(17, 輔助計算!$E$2:$E$801, 0)+1))*INDEX(ERP資料!$O:$O,(MATCH(17, 輔助計算!$E$2:$E$801, 0)+1))), "")
A19: =IFERROR(IF(INDEX(ERP資料!$B:$B, (MATCH(18, 輔助計算!$E$2:$E$801, 0)+1))="","",INDEX(ERP資料!$B:$B, (MATCH(18, 輔助計算!$E$2:$E$801, 0)+1))), "") | B19: =IFERROR(IF(INDEX(ERP資料!$A:$A, (MATCH(18, 輔助計算!$E$2:$E$801, 0)+1))="","",INDEX(ERP資料!$A:$A, (MATCH(18, 輔助計算!$E$2:$E$801, 0)+1))), "") | C19: =IFERROR(IF(INDEX(ERP資料!$S:$S, (MATCH(18, 輔助計算!$E$2:$E$801, 0)+1))="","",INDEX(ERP資料!$S:$S, (MATCH(18, 輔助計算!$E$2:$E$801, 0)+1))), "") | D19: =IFERROR(IF(INDEX(ERP資料!$E:$E, (MATCH(18, 輔助計算!$E$2:$E$801, 0)+1))="","",TRIM(INDEX(ERP資料!$E:$E, (MATCH(18, 輔助計算!$E$2:$E$801, 0)+1)))), "") | E19: =IFERROR(IF(INDEX(ERP資料!$F:$F, (MATCH(18, 輔助計算!$E$2:$E$801, 0)+1))="","",INDEX(ERP資料!$F:$F, (MATCH(18, 輔助計算!$E$2:$E$801, 0)+1))), "") | F19: =IFERROR(IF(INDEX(ERP資料!$G:$G, (MATCH(18, 輔助計算!$E$2:$E$801, 0)+1))="","",INDEX(ERP資料!$G:$G, (MATCH(18, 輔助計算!$E$2:$E$801, 0)+1))), "") | G19: =IFERROR(IF(INDEX(ERP資料!$H:$H, (MATCH(18, 輔助計算!$E$2:$E$801, 0)+1))="","",INDEX(ERP資料!$H:$H, (MATCH(18, 輔助計算!$E$2:$E$801, 0)+1))), "") | H19: =IFERROR(INDEX(輔助計算!$D:$D, (MATCH(18, 輔助計算!$E$2:$E$801, 0)+1)), "") | I19: =IFERROR(IF(INDEX(ERP資料!$O:$O, (MATCH(18, 輔助計算!$E$2:$E$801, 0)+1))="","",INDEX(ERP資料!$O:$O, (MATCH(18, 輔助計算!$E$2:$E$801, 0)+1))), "") | J19: =IFERROR(IF(INDEX(輔助計算!$D:$D,(MATCH(18, 輔助計算!$E$2:$E$801, 0)+1))="","",INDEX(輔助計算!$D:$D,(MATCH(18, 輔助計算!$E$2:$E$801, 0)+1))*INDEX(ERP資料!$O:$O,(MATCH(18, 輔助計算!$E$2:$E$801, 0)+1))), "")
A20: =IFERROR(IF(INDEX(ERP資料!$B:$B, (MATCH(19, 輔助計算!$E$2:$E$801, 0)+1))="","",INDEX(ERP資料!$B:$B, (MATCH(19, 輔助計算!$E$2:$E$801, 0)+1))), "") | B20: =IFERROR(IF(INDEX(ERP資料!$A:$A, (MATCH(19, 輔助計算!$E$2:$E$801, 0)+1))="","",INDEX(ERP資料!$A:$A, (MATCH(19, 輔助計算!$E$2:$E$801, 0)+1))), "") | C20: =IFERROR(IF(INDEX(ERP資料!$S:$S, (MATCH(19, 輔助計算!$E$2:$E$801, 0)+1))="","",INDEX(ERP資料!$S:$S, (MATCH(19, 輔助計算!$E$2:$E$801, 0)+1))), "") | D20: =IFERROR(IF(INDEX(ERP資料!$E:$E, (MATCH(19, 輔助計算!$E$2:$E$801, 0)+1))="","",TRIM(INDEX(ERP資料!$E:$E, (MATCH(19, 輔助計算!$E$2:$E$801, 0)+1)))), "") | E20: =IFERROR(IF(INDEX(ERP資料!$F:$F, (MATCH(19, 輔助計算!$E$2:$E$801, 0)+1))="","",INDEX(ERP資料!$F:$F, (MATCH(19, 輔助計算!$E$2:$E$801, 0)+1))), "") | F20: =IFERROR(IF(INDEX(ERP資料!$G:$G, (MATCH(19, 輔助計算!$E$2:$E$801, 0)+1))="","",INDEX(ERP資料!$G:$G, (MATCH(19, 輔助計算!$E$2:$E$801, 0)+1))), "") | G20: =IFERROR(IF(INDEX(ERP資料!$H:$H, (MATCH(19, 輔助計算!$E$2:$E$801, 0)+1))="","",INDEX(ERP資料!$H:$H, (MATCH(19, 輔助計算!$E$2:$E$801, 0)+1))), "") | H20: =IFERROR(INDEX(輔助計算!$D:$D, (MATCH(19, 輔助計算!$E$2:$E$801, 0)+1)), "") | I20: =IFERROR(IF(INDEX(ERP資料!$O:$O, (MATCH(19, 輔助計算!$E$2:$E$801, 0)+1))="","",INDEX(ERP資料!$O:$O, (MATCH(19, 輔助計算!$E$2:$E$801, 0)+1))), "") | J20: =IFERROR(IF(INDEX(輔助計算!$D:$D,(MATCH(19, 輔助計算!$E$2:$E$801, 0)+1))="","",INDEX(輔助計算!$D:$D,(MATCH(19, 輔助計算!$E$2:$E$801, 0)+1))*INDEX(ERP資料!$O:$O,(MATCH(19, 輔助計算!$E$2:$E$801, 0)+1))), "")
A21: =IFERROR(IF(INDEX(ERP資料!$B:$B, (MATCH(20, 輔助計算!$E$2:$E$801, 0)+1))="","",INDEX(ERP資料!$B:$B, (MATCH(20, 輔助計算!$E$2:$E$801, 0)+1))), "") | B21: =IFERROR(IF(INDEX(ERP資料!$A:$A, (MATCH(20, 輔助計算!$E$2:$E$801, 0)+1))="","",INDEX(ERP資料!$A:$A, (MATCH(20, 輔助計算!$E$2:$E$801, 0)+1))), "") | C21: =IFERROR(IF(INDEX(ERP資料!$S:$S, (MATCH(20, 輔助計算!$E$2:$E$801, 0)+1))="","",INDEX(ERP資料!$S:$S, (MATCH(20, 輔助計算!$E$2:$E$801, 0)+1))), "") | D21: =IFERROR(IF(INDEX(ERP資料!$E:$E, (MATCH(20, 輔助計算!$E$2:$E$801, 0)+1))="","",TRIM(INDEX(ERP資料!$E:$E, (MATCH(20, 輔助計算!$E$2:$E$801, 0)+1)))), "") | E21: =IFERROR(IF(INDEX(ERP資料!$F:$F, (MATCH(20, 輔助計算!$E$2:$E$801, 0)+1))="","",INDEX(ERP資料!$F:$F, (MATCH(20, 輔助計算!$E$2:$E$801, 0)+1))), "") | F21: =IFERROR(IF(INDEX(ERP資料!$G:$G, (MATCH(20, 輔助計算!$E$2:$E$801, 0)+1))="","",INDEX(ERP資料!$G:$G, (MATCH(20, 輔助計算!$E$2:$E$801, 0)+1))), "") | G21: =IFERROR(IF(INDEX(ERP資料!$H:$H, (MATCH(20, 輔助計算!$E$2:$E$801, 0)+1))="","",INDEX(ERP資料!$H:$H, (MATCH(20, 輔助計算!$E$2:$E$801, 0)+1))), "") | H21: =IFERROR(INDEX(輔助計算!$D:$D, (MATCH(20, 輔助計算!$E$2:$E$801, 0)+1)), "") | I21: =IFERROR(IF(INDEX(ERP資料!$O:$O, (MATCH(20, 輔助計算!$E$2:$E$801, 0)+1))="","",INDEX(ERP資料!$O:$O, (MATCH(20, 輔助計算!$E$2:$E$801, 0)+1))), "") | J21: =IFERROR(IF(INDEX(輔助計算!$D:$D,(MATCH(20, 輔助計算!$E$2:$E$801, 0)+1))="","",INDEX(輔助計算!$D:$D,(MATCH(20, 輔助計算!$E$2:$E$801, 0)+1))*INDEX(ERP資料!$O:$O,(MATCH(20, 輔助計算!$E$2:$E$801, 0)+1))), "")
A22: =IFERROR(IF(INDEX(ERP資料!$B:$B, (MATCH(21, 輔助計算!$E$2:$E$801, 0)+1))="","",INDEX(ERP資料!$B:$B, (MATCH(21, 輔助計算!$E$2:$E$801, 0)+1))), "") | B22: =IFERROR(IF(INDEX(ERP資料!$A:$A, (MATCH(21, 輔助計算!$E$2:$E$801, 0)+1))="","",INDEX(ERP資料!$A:$A, (MATCH(21, 輔助計算!$E$2:$E$801, 0)+1))), "") | C22: =IFERROR(IF(INDEX(ERP資料!$S:$S, (MATCH(21, 輔助計算!$E$2:$E$801, 0)+1))="","",INDEX(ERP資料!$S:$S, (MATCH(21, 輔助計算!$E$2:$E$801, 0)+1))), "") | D22: =IFERROR(IF(INDEX(ERP資料!$E:$E, (MATCH(21, 輔助計算!$E$2:$E$801, 0)+1))="","",TRIM(INDEX(ERP資料!$E:$E, (MATCH(21, 輔助計算!$E$2:$E$801, 0)+1)))), "") | E22: =IFERROR(IF(INDEX(ERP資料!$F:$F, (MATCH(21, 輔助計算!$E$2:$E$801, 0)+1))="","",INDEX(ERP資料!$F:$F, (MATCH(21, 輔助計算!$E$2:$E$801, 0)+1))), "") | F22: =IFERROR(IF(INDEX(ERP資料!$G:$G, (MATCH(21, 輔助計算!$E$2:$E$801, 0)+1))="","",INDEX(ERP資料!$G:$G, (MATCH(21, 輔助計算!$E$2:$E$801, 0)+1))), "") | G22: =IFERROR(IF(INDEX(ERP資料!$H:$H, (MATCH(21, 輔助計算!$E$2:$E$801, 0)+1))="","",INDEX(ERP資料!$H:$H, (MATCH(21, 輔助計算!$E$2:$E$801, 0)+1))), "") | H22: =IFERROR(INDEX(輔助計算!$D:$D, (MATCH(21, 輔助計算!$E$2:$E$801, 0)+1)), "") | I22: =IFERROR(IF(INDEX(ERP資料!$O:$O, (MATCH(21, 輔助計算!$E$2:$E$801, 0)+1))="","",INDEX(ERP資料!$O:$O, (MATCH(21, 輔助計算!$E$2:$E$801, 0)+1))), "") | J22: =IFERROR(IF(INDEX(輔助計算!$D:$D,(MATCH(21, 輔助計算!$E$2:$E$801, 0)+1))="","",INDEX(輔助計算!$D:$D,(MATCH(21, 輔助計算!$E$2:$E$801, 0)+1))*INDEX(ERP資料!$O:$O,(MATCH(21, 輔助計算!$E$2:$E$801, 0)+1))), "")
A23: =IFERROR(IF(INDEX(ERP資料!$B:$B, (MATCH(22, 輔助計算!$E$2:$E$801, 0)+1))="","",INDEX(ERP資料!$B:$B, (MATCH(22, 輔助計算!$E$2:$E$801, 0)+1))), "") | B23: =IFERROR(IF(INDEX(ERP資料!$A:$A, (MATCH(22, 輔助計算!$E$2:$E$801, 0)+1))="","",INDEX(ERP資料!$A:$A, (MATCH(22, 輔助計算!$E$2:$E$801, 0)+1))), "") | C23: =IFERROR(IF(INDEX(ERP資料!$S:$S, (MATCH(22, 輔助計算!$E$2:$E$801, 0)+1))="","",INDEX(ERP資料!$S:$S, (MATCH(22, 輔助計算!$E$2:$E$801, 0)+1))), "") | D23: =IFERROR(IF(INDEX(ERP資料!$E:$E, (MATCH(22, 輔助計算!$E$2:$E$801, 0)+1))="","",TRIM(INDEX(ERP資料!$E:$E, (MATCH(22, 輔助計算!$E$2:$E$801, 0)+1)))), "") | E23: =IFERROR(IF(INDEX(ERP資料!$F:$F, (MATCH(22, 輔助計算!$E$2:$E$801, 0)+1))="","",INDEX(ERP資料!$F:$F, (MATCH(22, 輔助計算!$E$2:$E$801, 0)+1))), "") | F23: =IFERROR(IF(INDEX(ERP資料!$G:$G, (MATCH(22, 輔助計算!$E$2:$E$801, 0)+1))="","",INDEX(ERP資料!$G:$G, (MATCH(22, 輔助計算!$E$2:$E$801, 0)+1))), "") | G23: =IFERROR(IF(INDEX(ERP資料!$H:$H, (MATCH(22, 輔助計算!$E$2:$E$801, 0)+1))="","",INDEX(ERP資料!$H:$H, (MATCH(22, 輔助計算!$E$2:$E$801, 0)+1))), "") | H23: =IFERROR(INDEX(輔助計算!$D:$D, (MATCH(22, 輔助計算!$E$2:$E$801, 0)+1)), "") | I23: =IFERROR(IF(INDEX(ERP資料!$O:$O, (MATCH(22, 輔助計算!$E$2:$E$801, 0)+1))="","",INDEX(ERP資料!$O:$O, (MATCH(22, 輔助計算!$E$2:$E$801, 0)+1))), "") | J23: =IFERROR(IF(INDEX(輔助計算!$D:$D,(MATCH(22, 輔助計算!$E$2:$E$801, 0)+1))="","",INDEX(輔助計算!$D:$D,(MATCH(22, 輔助計算!$E$2:$E$801, 0)+1))*INDEX(ERP資料!$O:$O,(MATCH(22, 輔助計算!$E$2:$E$801, 0)+1))), "")
A24: =IFERROR(IF(INDEX(ERP資料!$B:$B, (MATCH(23, 輔助計算!$E$2:$E$801, 0)+1))="","",INDEX(ERP資料!$B:$B, (MATCH(23, 輔助計算!$E$2:$E$801, 0)+1))), "") | B24: =IFERROR(IF(INDEX(ERP資料!$A:$A, (MATCH(23, 輔助計算!$E$2:$E$801, 0)+1))="","",INDEX(ERP資料!$A:$A, (MATCH(23, 輔助計算!$E$2:$E$801, 0)+1))), "") | C24: =IFERROR(IF(INDEX(ERP資料!$S:$S, (MATCH(23, 輔助計算!$E$2:$E$801, 0)+1))="","",INDEX(ERP資料!$S:$S, (MATCH(23, 輔助計算!$E$2:$E$801, 0)+1))), "") | D24: =IFERROR(IF(INDEX(ERP資料!$E:$E, (MATCH(23, 輔助計算!$E$2:$E$801, 0)+1))="","",TRIM(INDEX(ERP資料!$E:$E, (MATCH(23, 輔助計算!$E$2:$E$801, 0)+1)))), "") | E24: =IFERROR(IF(INDEX(ERP資料!$F:$F, (MATCH(23, 輔助計算!$E$2:$E$801, 0)+1))="","",INDEX(ERP資料!$F:$F, (MATCH(23, 輔助計算!$E$2:$E$801, 0)+1))), "") | F24: =IFERROR(IF(INDEX(ERP資料!$G:$G, (MATCH(23, 輔助計算!$E$2:$E$801, 0)+1))="","",INDEX(ERP資料!$G:$G, (MATCH(23, 輔助計算!$E$2:$E$801, 0)+1))), "") | G24: =IFERROR(IF(INDEX(ERP資料!$H:$H, (MATCH(23, 輔助計算!$E$2:$E$801, 0)+1))="","",INDEX(ERP資料!$H:$H, (MATCH(23, 輔助計算!$E$2:$E$801, 0)+1))), "") | H24: =IFERROR(INDEX(輔助計算!$D:$D, (MATCH(23, 輔助計算!$E$2:$E$801, 0)+1)), "") | I24: =IFERROR(IF(INDEX(ERP資料!$O:$O, (MATCH(23, 輔助計算!$E$2:$E$801, 0)+1))="","",INDEX(ERP資料!$O:$O, (MATCH(23, 輔助計算!$E$2:$E$801, 0)+1))), "") | J24: =IFERROR(IF(INDEX(輔助計算!$D:$D,(MATCH(23, 輔助計算!$E$2:$E$801, 0)+1))="","",INDEX(輔助計算!$D:$D,(MATCH(23, 輔助計算!$E$2:$E$801, 0)+1))*INDEX(ERP資料!$O:$O,(MATCH(23, 輔助計算!$E$2:$E$801, 0)+1))), "")
A25: =IFERROR(IF(INDEX(ERP資料!$B:$B, (MATCH(24, 輔助計算!$E$2:$E$801, 0)+1))="","",INDEX(ERP資料!$B:$B, (MATCH(24, 輔助計算!$E$2:$E$801, 0)+1))), "") | B25: =IFERROR(IF(INDEX(ERP資料!$A:$A, (MATCH(24, 輔助計算!$E$2:$E$801, 0)+1))="","",INDEX(ERP資料!$A:$A, (MATCH(24, 輔助計算!$E$2:$E$801, 0)+1))), "") | C25: =IFERROR(IF(INDEX(ERP資料!$S:$S, (MATCH(24, 輔助計算!$E$2:$E$801, 0)+1))="","",INDEX(ERP資料!$S:$S, (MATCH(24, 輔助計算!$E$2:$E$801, 0)+1))), "") | D25: =IFERROR(IF(INDEX(ERP資料!$E:$E, (MATCH(24, 輔助計算!$E$2:$E$801, 0)+1))="","",TRIM(INDEX(ERP資料!$E:$E, (MATCH(24, 輔助計算!$E$2:$E$801, 0)+1)))), "") | E25: =IFERROR(IF(INDEX(ERP資料!$F:$F, (MATCH(24, 輔助計算!$E$2:$E$801, 0)+1))="","",INDEX(ERP資料!$F:$F, (MATCH(24, 輔助計算!$E$2:$E$801, 0)+1))), "") | F25: =IFERROR(IF(INDEX(ERP資料!$G:$G, (MATCH(24, 輔助計算!$E$2:$E$801, 0)+1))="","",INDEX(ERP資料!$G:$G, (MATCH(24, 輔助計算!$E$2:$E$801, 0)+1))), "") | G25: =IFERROR(IF(INDEX(ERP資料!$H:$H, (MATCH(24, 輔助計算!$E$2:$E$801, 0)+1))="","",INDEX(ERP資料!$H:$H, (MATCH(24, 輔助計算!$E$2:$E$801, 0)+1))), "") | H25: =IFERROR(INDEX(輔助計算!$D:$D, (MATCH(24, 輔助計算!$E$2:$E$801, 0)+1)), "") | I25: =IFERROR(IF(INDEX(ERP資料!$O:$O, (MATCH(24, 輔助計算!$E$2:$E$801, 0)+1))="","",INDEX(ERP資料!$O:$O, (MATCH(24, 輔助計算!$E$2:$E$801, 0)+1))), "") | J25: =IFERROR(IF(INDEX(輔助計算!$D:$D,(MATCH(24, 輔助計算!$E$2:$E$801, 0)+1))="","",INDEX(輔助計算!$D:$D,(MATCH(24, 輔助計算!$E$2:$E$801, 0)+1))*INDEX(ERP資料!$O:$O,(MATCH(24, 輔助計算!$E$2:$E$801, 0)+1))), "")
A26: =IFERROR(IF(INDEX(ERP資料!$B:$B, (MATCH(25, 輔助計算!$E$2:$E$801, 0)+1))="","",INDEX(ERP資料!$B:$B, (MATCH(25, 輔助計算!$E$2:$E$801, 0)+1))), "") | B26: =IFERROR(IF(INDEX(ERP資料!$A:$A, (MATCH(25, 輔助計算!$E$2:$E$801, 0)+1))="","",INDEX(ERP資料!$A:$A, (MATCH(25, 輔助計算!$E$2:$E$801, 0)+1))), "") | C26: =IFERROR(IF(INDEX(ERP資料!$S:$S, (MATCH(25, 輔助計算!$E$2:$E$801, 0)+1))="","",INDEX(ERP資料!$S:$S, (MATCH(25, 輔助計算!$E$2:$E$801, 0)+1))), "") | D26: =IFERROR(IF(INDEX(ERP資料!$E:$E, (MATCH(25, 輔助計算!$E$2:$E$801, 0)+1))="","",TRIM(INDEX(ERP資料!$E:$E, (MATCH(25, 輔助計算!$E$2:$E$801, 0)+1)))), "") | E26: =IFERROR(IF(INDEX(ERP資料!$F:$F, (MATCH(25, 輔助計算!$E$2:$E$801, 0)+1))="","",INDEX(ERP資料!$F:$F, (MATCH(25, 輔助計算!$E$2:$E$801, 0)+1))), "") | F26: =IFERROR(IF(INDEX(ERP資料!$G:$G, (MATCH(25, 輔助計算!$E$2:$E$801, 0)+1))="","",INDEX(ERP資料!$G:$G, (MATCH(25, 輔助計算!$E$2:$E$801, 0)+1))), "") | G26: =IFERROR(IF(INDEX(ERP資料!$H:$H, (MATCH(25, 輔助計算!$E$2:$E$801, 0)+1))="","",INDEX(ERP資料!$H:$H, (MATCH(25, 輔助計算!$E$2:$E$801, 0)+1))), "") | H26: =IFERROR(INDEX(輔助計算!$D:$D, (MATCH(25, 輔助計算!$E$2:$E$801, 0)+1)), "") | I26: =IFERROR(IF(INDEX(ERP資料!$O:$O, (MATCH(25, 輔助計算!$E$2:$E$801, 0)+1))="","",INDEX(ERP資料!$O:$O, (MATCH(25, 輔助計算!$E$2:$E$801, 0)+1))), "") | J26: =IFERROR(IF(INDEX(輔助計算!$D:$D,(MATCH(25, 輔助計算!$E$2:$E$801, 0)+1))="","",INDEX(輔助計算!$D:$D,(MATCH(25, 輔助計算!$E$2:$E$801, 0)+1))*INDEX(ERP資料!$O:$O,(MATCH(25, 輔助計算!$E$2:$E$801, 0)+1))), "")
A27: =IFERROR(IF(INDEX(ERP資料!$B:$B, (MATCH(26, 輔助計算!$E$2:$E$801, 0)+1))="","",INDEX(ERP資料!$B:$B, (MATCH(26, 輔助計算!$E$2:$E$801, 0)+1))), "") | B27: =IFERROR(IF(INDEX(ERP資料!$A:$A, (MATCH(26, 輔助計算!$E$2:$E$801, 0)+1))="","",INDEX(ERP資料!$A:$A, (MATCH(26, 輔助計算!$E$2:$E$801, 0)+1))), "") | C27: =IFERROR(IF(INDEX(ERP資料!$S:$S, (MATCH(26, 輔助計算!$E$2:$E$801, 0)+1))="","",INDEX(ERP資料!$S:$S, (MATCH(26, 輔助計算!$E$2:$E$801, 0)+1))), "") | D27: =IFERROR(IF(INDEX(ERP資料!$E:$E, (MATCH(26, 輔助計算!$E$2:$E$801, 0)+1))="","",TRIM(INDEX(ERP資料!$E:$E, (MATCH(26, 輔助計算!$E$2:$E$801, 0)+1)))), "") | E27: =IFERROR(IF(INDEX(ERP資料!$F:$F, (MATCH(26, 輔助計算!$E$2:$E$801, 0)+1))="","",INDEX(ERP資料!$F:$F, (MATCH(26, 輔助計算!$E$2:$E$801, 0)+1))), "") | F27: =IFERROR(IF(INDEX(ERP資料!$G:$G, (MATCH(26, 輔助計算!$E$2:$E$801, 0)+1))="","",INDEX(ERP資料!$G:$G, (MATCH(26, 輔助計算!$E$2:$E$801, 0)+1))), "") | G27: =IFERROR(IF(INDEX(ERP資料!$H:$H, (MATCH(26, 輔助計算!$E$2:$E$801, 0)+1))="","",INDEX(ERP資料!$H:$H, (MATCH(26, 輔助計算!$E$2:$E$801, 0)+1))), "") | H27: =IFERROR(INDEX(輔助計算!$D:$D, (MATCH(26, 輔助計算!$E$2:$E$801, 0)+1)), "") | I27: =IFERROR(IF(INDEX(ERP資料!$O:$O, (MATCH(26, 輔助計算!$E$2:$E$801, 0)+1))="","",INDEX(ERP資料!$O:$O, (MATCH(26, 輔助計算!$E$2:$E$801, 0)+1))), "") | J27: =IFERROR(IF(INDEX(輔助計算!$D:$D,(MATCH(26, 輔助計算!$E$2:$E$801, 0)+1))="","",INDEX(輔助計算!$D:$D,(MATCH(26, 輔助計算!$E$2:$E$801, 0)+1))*INDEX(ERP資料!$O:$O,(MATCH(26, 輔助計算!$E$2:$E$801, 0)+1))), "")
A28: =IFERROR(IF(INDEX(ERP資料!$B:$B, (MATCH(27, 輔助計算!$E$2:$E$801, 0)+1))="","",INDEX(ERP資料!$B:$B, (MATCH(27, 輔助計算!$E$2:$E$801, 0)+1))), "") | B28: =IFERROR(IF(INDEX(ERP資料!$A:$A, (MATCH(27, 輔助計算!$E$2:$E$801, 0)+1))="","",INDEX(ERP資料!$A:$A, (MATCH(27, 輔助計算!$E$2:$E$801, 0)+1))), "") | C28: =IFERROR(IF(INDEX(ERP資料!$S:$S, (MATCH(27, 輔助計算!$E$2:$E$801, 0)+1))="","",INDEX(ERP資料!$S:$S, (MATCH(27, 輔助計算!$E$2:$E$801, 0)+1))), "") | D28: =IFERROR(IF(INDEX(ERP資料!$E:$E, (MATCH(27, 輔助計算!$E$2:$E$801, 0)+1))="","",TRIM(INDEX(ERP資料!$E:$E, (MATCH(27, 輔助計算!$E$2:$E$801, 0)+1)))), "") | E28: =IFERROR(IF(INDEX(ERP資料!$F:$F, (MATCH(27, 輔助計算!$E$2:$E$801, 0)+1))="","",INDEX(ERP資料!$F:$F, (MATCH(27, 輔助計算!$E$2:$E$801, 0)+1))), "") | F28: =IFERROR(IF(INDEX(ERP資料!$G:$G, (MATCH(27, 輔助計算!$E$2:$E$801, 0)+1))="","",INDEX(ERP資料!$G:$G, (MATCH(27, 輔助計算!$E$2:$E$801, 0)+1))), "") | G28: =IFERROR(IF(INDEX(ERP資料!$H:$H, (MATCH(27, 輔助計算!$E$2:$E$801, 0)+1))="","",INDEX(ERP資料!$H:$H, (MATCH(27, 輔助計算!$E$2:$E$801, 0)+1))), "") | H28: =IFERROR(INDEX(輔助計算!$D:$D, (MATCH(27, 輔助計算!$E$2:$E$801, 0)+1)), "") | I28: =IFERROR(IF(INDEX(ERP資料!$O:$O, (MATCH(27, 輔助計算!$E$2:$E$801, 0)+1))="","",INDEX(ERP資料!$O:$O, (MATCH(27, 輔助計算!$E$2:$E$801, 0)+1))), "") | J28: =IFERROR(IF(INDEX(輔助計算!$D:$D,(MATCH(27, 輔助計算!$E$2:$E$801, 0)+1))="","",INDEX(輔助計算!$D:$D,(MATCH(27, 輔助計算!$E$2:$E$801, 0)+1))*INDEX(ERP資料!$O:$O,(MATCH(27, 輔助計算!$E$2:$E$801, 0)+1))), "")
A29: =IFERROR(IF(INDEX(ERP資料!$B:$B, (MATCH(28, 輔助計算!$E$2:$E$801, 0)+1))="","",INDEX(ERP資料!$B:$B, (MATCH(28, 輔助計算!$E$2:$E$801, 0)+1))), "") | B29: =IFERROR(IF(INDEX(ERP資料!$A:$A, (MATCH(28, 輔助計算!$E$2:$E$801, 0)+1))="","",INDEX(ERP資料!$A:$A, (MATCH(28, 輔助計算!$E$2:$E$801, 0)+1))), "") | C29: =IFERROR(IF(INDEX(ERP資料!$S:$S, (MATCH(28, 輔助計算!$E$2:$E$801, 0)+1))="","",INDEX(ERP資料!$S:$S, (MATCH(28, 輔助計算!$E$2:$E$801, 0)+1))), "") | D29: =IFERROR(IF(INDEX(ERP資料!$E:$E, (MATCH(28, 輔助計算!$E$2:$E$801, 0)+1))="","",TRIM(INDEX(ERP資料!$E:$E, (MATCH(28, 輔助計算!$E$2:$E$801, 0)+1)))), "") | E29: =IFERROR(IF(INDEX(ERP資料!$F:$F, (MATCH(28, 輔助計算!$E$2:$E$801, 0)+1))="","",INDEX(ERP資料!$F:$F, (MATCH(28, 輔助計算!$E$2:$E$801, 0)+1))), "") | F29: =IFERROR(IF(INDEX(ERP資料!$G:$G, (MATCH(28, 輔助計算!$E$2:$E$801, 0)+1))="","",INDEX(ERP資料!$G:$G, (MATCH(28, 輔助計算!$E$2:$E$801, 0)+1))), "") | G29: =IFERROR(IF(INDEX(ERP資料!$H:$H, (MATCH(28, 輔助計算!$E$2:$E$801, 0)+1))="","",INDEX(ERP資料!$H:$H, (MATCH(28, 輔助計算!$E$2:$E$801, 0)+1))), "") | H29: =IFERROR(INDEX(輔助計算!$D:$D, (MATCH(28, 輔助計算!$E$2:$E$801, 0)+1)), "") | I29: =IFERROR(IF(INDEX(ERP資料!$O:$O, (MATCH(28, 輔助計算!$E$2:$E$801, 0)+1))="","",INDEX(ERP資料!$O:$O, (MATCH(28, 輔助計算!$E$2:$E$801, 0)+1))), "") | J29: =IFERROR(IF(INDEX(輔助計算!$D:$D,(MATCH(28, 輔助計算!$E$2:$E$801, 0)+1))="","",INDEX(輔助計算!$D:$D,(MATCH(28, 輔助計算!$E$2:$E$801, 0)+1))*INDEX(ERP資料!$O:$O,(MATCH(28, 輔助計算!$E$2:$E$801, 0)+1))), "")
A30: =IFERROR(IF(INDEX(ERP資料!$B:$B, (MATCH(29, 輔助計算!$E$2:$E$801, 0)+1))="","",INDEX(ERP資料!$B:$B, (MATCH(29, 輔助計算!$E$2:$E$801, 0)+1))), "") | B30: =IFERROR(IF(INDEX(ERP資料!$A:$A, (MATCH(29, 輔助計算!$E$2:$E$801, 0)+1))="","",INDEX(ERP資料!$A:$A, (MATCH(29, 輔助計算!$E$2:$E$801, 0)+1))), "") | C30: =IFERROR(IF(INDEX(ERP資料!$S:$S, (MATCH(29, 輔助計算!$E$2:$E$801, 0)+1))="","",INDEX(ERP資料!$S:$S, (MATCH(29, 輔助計算!$E$2:$E$801, 0)+1))), "") | D30: =IFERROR(IF(INDEX(ERP資料!$E:$E, (MATCH(29, 輔助計算!$E$2:$E$801, 0)+1))="","",TRIM(INDEX(ERP資料!$E:$E, (MATCH(29, 輔助計算!$E$2:$E$801, 0)+1)))), "") | E30: =IFERROR(IF(INDEX(ERP資料!$F:$F, (MATCH(29, 輔助計算!$E$2:$E$801, 0)+1))="","",INDEX(ERP資料!$F:$F, (MATCH(29, 輔助計算!$E$2:$E$801, 0)+1))), "") | F30: =IFERROR(IF(INDEX(ERP資料!$G:$G, (MATCH(29, 輔助計算!$E$2:$E$801, 0)+1))="","",INDEX(ERP資料!$G:$G, (MATCH(29, 輔助計算!$E$2:$E$801, 0)+1))), "") | G30: =IFERROR(IF(INDEX(ERP資料!$H:$H, (MATCH(29, 輔助計算!$E$2:$E$801, 0)+1))="","",INDEX(ERP資料!$H:$H, (MATCH(29, 輔助計算!$E$2:$E$801, 0)+1))), "") | H30: =IFERROR(INDEX(輔助計算!$D:$D, (MATCH(29, 輔助計算!$E$2:$E$801, 0)+1)), "") | I30: =IFERROR(IF(INDEX(ERP資料!$O:$O, (MATCH(29, 輔助計算!$E$2:$E$801, 0)+1))="","",INDEX(ERP資料!$O:$O, (MATCH(29, 輔助計算!$E$2:$E$801, 0)+1))), "") | J30: =IFERROR(IF(INDEX(輔助計算!$D:$D,(MATCH(29, 輔助計算!$E$2:$E$801, 0)+1))="","",INDEX(輔助計算!$D:$D,(MATCH(29, 輔助計算!$E$2:$E$801, 0)+1))*INDEX(ERP資料!$O:$O,(MATCH(29, 輔助計算!$E$2:$E$801, 0)+1))), "")
A31: =IFERROR(IF(INDEX(ERP資料!$B:$B, (MATCH(30, 輔助計算!$E$2:$E$801, 0)+1))="","",INDEX(ERP資料!$B:$B, (MATCH(30, 輔助計算!$E$2:$E$801, 0)+1))), "") | B31: =IFERROR(IF(INDEX(ERP資料!$A:$A, (MATCH(30, 輔助計算!$E$2:$E$801, 0)+1))="","",INDEX(ERP資料!$A:$A, (MATCH(30, 輔助計算!$E$2:$E$801, 0)+1))), "") | C31: =IFERROR(IF(INDEX(ERP資料!$S:$S, (MATCH(30, 輔助計算!$E$2:$E$801, 0)+1))="","",INDEX(ERP資料!$S:$S, (MATCH(30, 輔助計算!$E$2:$E$801, 0)+1))), "") | D31: =IFERROR(IF(INDEX(ERP資料!$E:$E, (MATCH(30, 輔助計算!$E$2:$E$801, 0)+1))="","",TRIM(INDEX(ERP資料!$E:$E, (MATCH(30, 輔助計算!$E$2:$E$801, 0)+1)))), "") | E31: =IFERROR(IF(INDEX(ERP資料!$F:$F, (MATCH(30, 輔助計算!$E$2:$E$801, 0)+1))="","",INDEX(ERP資料!$F:$F, (MATCH(30, 輔助計算!$E$2:$E$801, 0)+1))), "") | F31: =IFERROR(IF(INDEX(ERP資料!$G:$G, (MATCH(30, 輔助計算!$E$2:$E$801, 0)+1))="","",INDEX(ERP資料!$G:$G, (MATCH(30, 輔助計算!$E$2:$E$801, 0)+1))), "") | G31: =IFERROR(IF(INDEX(ERP資料!$H:$H, (MATCH(30, 輔助計算!$E$2:$E$801, 0)+1))="","",INDEX(ERP資料!$H:$H, (MATCH(30, 輔助計算!$E$2:$E$801, 0)+1))), "") | H31: =IFERROR(INDEX(輔助計算!$D:$D, (MATCH(30, 輔助計算!$E$2:$E$801, 0)+1)), "") | I31: =IFERROR(IF(INDEX(ERP資料!$O:$O, (MATCH(30, 輔助計算!$E$2:$E$801, 0)+1))="","",INDEX(ERP資料!$O:$O, (MATCH(30, 輔助計算!$E$2:$E$801, 0)+1))), "") | J31: =IFERROR(IF(INDEX(輔助計算!$D:$D,(MATCH(30, 輔助計算!$E$2:$E$801, 0)+1))="","",INDEX(輔助計算!$D:$D,(MATCH(30, 輔助計算!$E$2:$E$801, 0)+1))*INDEX(ERP資料!$O:$O,(MATCH(30, 輔助計算!$E$2:$E$801, 0)+1))), "")
A32: =IFERROR(IF(INDEX(ERP資料!$B:$B, (MATCH(31, 輔助計算!$E$2:$E$801, 0)+1))="","",INDEX(ERP資料!$B:$B, (MATCH(31, 輔助計算!$E$2:$E$801, 0)+1))), "") | B32: =IFERROR(IF(INDEX(ERP資料!$A:$A, (MATCH(31, 輔助計算!$E$2:$E$801, 0)+1))="","",INDEX(ERP資料!$A:$A, (MATCH(31, 輔助計算!$E$2:$E$801, 0)+1))), "") | C32: =IFERROR(IF(INDEX(ERP資料!$S:$S, (MATCH(31, 輔助計算!$E$2:$E$801, 0)+1))="","",INDEX(ERP資料!$S:$S, (MATCH(31, 輔助計算!$E$2:$E$801, 0)+1))), "") | D32: =IFERROR(IF(INDEX(ERP資料!$E:$E, (MATCH(31, 輔助計算!$E$2:$E$801, 0)+1))="","",TRIM(INDEX(ERP資料!$E:$E, (MATCH(31, 輔助計算!$E$2:$E$801, 0)+1)))), "") | E32: =IFERROR(IF(INDEX(ERP資料!$F:$F, (MATCH(31, 輔助計算!$E$2:$E$801, 0)+1))="","",INDEX(ERP資料!$F:$F, (MATCH(31, 輔助計算!$E$2:$E$801, 0)+1))), "") | F32: =IFERROR(IF(INDEX(ERP資料!$G:$G, (MATCH(31, 輔助計算!$E$2:$E$801, 0)+1))="","",INDEX(ERP資料!$G:$G, (MATCH(31, 輔助計算!$E$2:$E$801, 0)+1))), "") | G32: =IFERROR(IF(INDEX(ERP資料!$H:$H, (MATCH(31, 輔助計算!$E$2:$E$801, 0)+1))="","",INDEX(ERP資料!$H:$H, (MATCH(31, 輔助計算!$E$2:$E$801, 0)+1))), "") | H32: =IFERROR(INDEX(輔助計算!$D:$D, (MATCH(31, 輔助計算!$E$2:$E$801, 0)+1)), "") | I32: =IFERROR(IF(INDEX(ERP資料!$O:$O, (MATCH(31, 輔助計算!$E$2:$E$801, 0)+1))="","",INDEX(ERP資料!$O:$O, (MATCH(31, 輔助計算!$E$2:$E$801, 0)+1))), "") | J32: =IFERROR(IF(INDEX(輔助計算!$D:$D,(MATCH(31, 輔助計算!$E$2:$E$801, 0)+1))="","",INDEX(輔助計算!$D:$D,(MATCH(31, 輔助計算!$E$2:$E$801, 0)+1))*INDEX(ERP資料!$O:$O,(MATCH(31, 輔助計算!$E$2:$E$801, 0)+1))), "")
A33: =IFERROR(IF(INDEX(ERP資料!$B:$B, (MATCH(32, 輔助計算!$E$2:$E$801, 0)+1))="","",INDEX(ERP資料!$B:$B, (MATCH(32, 輔助計算!$E$2:$E$801, 0)+1))), "") | B33: =IFERROR(IF(INDEX(ERP資料!$A:$A, (MATCH(32, 輔助計算!$E$2:$E$801, 0)+1))="","",INDEX(ERP資料!$A:$A, (MATCH(32, 輔助計算!$E$2:$E$801, 0)+1))), "") | C33: =IFERROR(IF(INDEX(ERP資料!$S:$S, (MATCH(32, 輔助計算!$E$2:$E$801, 0)+1))="","",INDEX(ERP資料!$S:$S, (MATCH(32, 輔助計算!$E$2:$E$801, 0)+1))), "") | D33: =IFERROR(IF(INDEX(ERP資料!$E:$E, (MATCH(32, 輔助計算!$E$2:$E$801, 0)+1))="","",TRIM(INDEX(ERP資料!$E:$E, (MATCH(32, 輔助計算!$E$2:$E$801, 0)+1)))), "") | E33: =IFERROR(IF(INDEX(ERP資料!$F:$F, (MATCH(32, 輔助計算!$E$2:$E$801, 0)+1))="","",INDEX(ERP資料!$F:$F, (MATCH(32, 輔助計算!$E$2:$E$801, 0)+1))), "") | F33: =IFERROR(IF(INDEX(ERP資料!$G:$G, (MATCH(32, 輔助計算!$E$2:$E$801, 0)+1))="","",INDEX(ERP資料!$G:$G, (MATCH(32, 輔助計算!$E$2:$E$801, 0)+1))), "") | G33: =IFERROR(IF(INDEX(ERP資料!$H:$H, (MATCH(32, 輔助計算!$E$2:$E$801, 0)+1))="","",INDEX(ERP資料!$H:$H, (MATCH(32, 輔助計算!$E$2:$E$801, 0)+1))), "") | H33: =IFERROR(INDEX(輔助計算!$D:$D, (MATCH(32, 輔助計算!$E$2:$E$801, 0)+1)), "") | I33: =IFERROR(IF(INDEX(ERP資料!$O:$O, (MATCH(32, 輔助計算!$E$2:$E$801, 0)+1))="","",INDEX(ERP資料!$O:$O, (MATCH(32, 輔助計算!$E$2:$E$801, 0)+1))), "") | J33: =IFERROR(IF(INDEX(輔助計算!$D:$D,(MATCH(32, 輔助計算!$E$2:$E$801, 0)+1))="","",INDEX(輔助計算!$D:$D,(MATCH(32, 輔助計算!$E$2:$E$801, 0)+1))*INDEX(ERP資料!$O:$O,(MATCH(32, 輔助計算!$E$2:$E$801, 0)+1))), "")
A34: =IFERROR(IF(INDEX(ERP資料!$B:$B, (MATCH(33, 輔助計算!$E$2:$E$801, 0)+1))="","",INDEX(ERP資料!$B:$B, (MATCH(33, 輔助計算!$E$2:$E$801, 0)+1))), "") | B34: =IFERROR(IF(INDEX(ERP資料!$A:$A, (MATCH(33, 輔助計算!$E$2:$E$801, 0)+1))="","",INDEX(ERP資料!$A:$A, (MATCH(33, 輔助計算!$E$2:$E$801, 0)+1))), "") | C34: =IFERROR(IF(INDEX(ERP資料!$S:$S, (MATCH(33, 輔助計算!$E$2:$E$801, 0)+1))="","",INDEX(ERP資料!$S:$S, (MATCH(33, 輔助計算!$E$2:$E$801, 0)+1))), "") | D34: =IFERROR(IF(INDEX(ERP資料!$E:$E, (MATCH(33, 輔助計算!$E$2:$E$801, 0)+1))="","",TRIM(INDEX(ERP資料!$E:$E, (MATCH(33, 輔助計算!$E$2:$E$801, 0)+1)))), "") | E34: =IFERROR(IF(INDEX(ERP資料!$F:$F, (MATCH(33, 輔助計算!$E$2:$E$801, 0)+1))="","",INDEX(ERP資料!$F:$F, (MATCH(33, 輔助計算!$E$2:$E$801, 0)+1))), "") | F34: =IFERROR(IF(INDEX(ERP資料!$G:$G, (MATCH(33, 輔助計算!$E$2:$E$801, 0)+1))="","",INDEX(ERP資料!$G:$G, (MATCH(33, 輔助計算!$E$2:$E$801, 0)+1))), "") | G34: =IFERROR(IF(INDEX(ERP資料!$H:$H, (MATCH(33, 輔助計算!$E$2:$E$801, 0)+1))="","",INDEX(ERP資料!$H:$H, (MATCH(33, 輔助計算!$E$2:$E$801, 0)+1))), "") | H34: =IFERROR(INDEX(輔助計算!$D:$D, (MATCH(33, 輔助計算!$E$2:$E$801, 0)+1)), "") | I34: =IFERROR(IF(INDEX(ERP資料!$O:$O, (MATCH(33, 輔助計算!$E$2:$E$801, 0)+1))="","",INDEX(ERP資料!$O:$O, (MATCH(33, 輔助計算!$E$2:$E$801, 0)+1))), "") | J34: =IFERROR(IF(INDEX(輔助計算!$D:$D,(MATCH(33, 輔助計算!$E$2:$E$801, 0)+1))="","",INDEX(輔助計算!$D:$D,(MATCH(33, 輔助計算!$E$2:$E$801, 0)+1))*INDEX(ERP資料!$O:$O,(MATCH(33, 輔助計算!$E$2:$E$801, 0)+1))), "")
A35: =IFERROR(IF(INDEX(ERP資料!$B:$B, (MATCH(34, 輔助計算!$E$2:$E$801, 0)+1))="","",INDEX(ERP資料!$B:$B, (MATCH(34, 輔助計算!$E$2:$E$801, 0)+1))), "") | B35: =IFERROR(IF(INDEX(ERP資料!$A:$A, (MATCH(34, 輔助計算!$E$2:$E$801, 0)+1))="","",INDEX(ERP資料!$A:$A, (MATCH(34, 輔助計算!$E$2:$E$801, 0)+1))), "") | C35: =IFERROR(IF(INDEX(ERP資料!$S:$S, (MATCH(34, 輔助計算!$E$2:$E$801, 0)+1))="","",INDEX(ERP資料!$S:$S, (MATCH(34, 輔助計算!$E$2:$E$801, 0)+1))), "") | D35: =IFERROR(IF(INDEX(ERP資料!$E:$E, (MATCH(34, 輔助計算!$E$2:$E$801, 0)+1))="","",TRIM(INDEX(ERP資料!$E:$E, (MATCH(34, 輔助計算!$E$2:$E$801, 0)+1)))), "") | E35: =IFERROR(IF(INDEX(ERP資料!$F:$F, (MATCH(34, 輔助計算!$E$2:$E$801, 0)+1))="","",INDEX(ERP資料!$F:$F, (MATCH(34, 輔助計算!$E$2:$E$801, 0)+1))), "") | F35: =IFERROR(IF(INDEX(ERP資料!$G:$G, (MATCH(34, 輔助計算!$E$2:$E$801, 0)+1))="","",INDEX(ERP資料!$G:$G, (MATCH(34, 輔助計算!$E$2:$E$801, 0)+1))), "") | G35: =IFERROR(IF(INDEX(ERP資料!$H:$H, (MATCH(34, 輔助計算!$E$2:$E$801, 0)+1))="","",INDEX(ERP資料!$H:$H, (MATCH(34, 輔助計算!$E$2:$E$801, 0)+1))), "") | H35: =IFERROR(INDEX(輔助計算!$D:$D, (MATCH(34, 輔助計算!$E$2:$E$801, 0)+1)), "") | I35: =IFERROR(IF(INDEX(ERP資料!$O:$O, (MATCH(34, 輔助計算!$E$2:$E$801, 0)+1))="","",INDEX(ERP資料!$O:$O, (MATCH(34, 輔助計算!$E$2:$E$801, 0)+1))), "") | J35: =IFERROR(IF(INDEX(輔助計算!$D:$D,(MATCH(34, 輔助計算!$E$2:$E$801, 0)+1))="","",INDEX(輔助計算!$D:$D,(MATCH(34, 輔助計算!$E$2:$E$801, 0)+1))*INDEX(ERP資料!$O:$O,(MATCH(34, 輔助計算!$E$2:$E$801, 0)+1))), "")
A36: =IFERROR(IF(INDEX(ERP資料!$B:$B, (MATCH(35, 輔助計算!$E$2:$E$801, 0)+1))="","",INDEX(ERP資料!$B:$B, (MATCH(35, 輔助計算!$E$2:$E$801, 0)+1))), "") | B36: =IFERROR(IF(INDEX(ERP資料!$A:$A, (MATCH(35, 輔助計算!$E$2:$E$801, 0)+1))="","",INDEX(ERP資料!$A:$A, (MATCH(35, 輔助計算!$E$2:$E$801, 0)+1))), "") | C36: =IFERROR(IF(INDEX(ERP資料!$S:$S, (MATCH(35, 輔助計算!$E$2:$E$801, 0)+1))="","",INDEX(ERP資料!$S:$S, (MATCH(35, 輔助計算!$E$2:$E$801, 0)+1))), "") | D36: =IFERROR(IF(INDEX(ERP資料!$E:$E, (MATCH(35, 輔助計算!$E$2:$E$801, 0)+1))="","",TRIM(INDEX(ERP資料!$E:$E, (MATCH(35, 輔助計算!$E$2:$E$801, 0)+1)))), "") | E36: =IFERROR(IF(INDEX(ERP資料!$F:$F, (MATCH(35, 輔助計算!$E$2:$E$801, 0)+1))="","",INDEX(ERP資料!$F:$F, (MATCH(35, 輔助計算!$E$2:$E$801, 0)+1))), "") | F36: =IFERROR(IF(INDEX(ERP資料!$G:$G, (MATCH(35, 輔助計算!$E$2:$E$801, 0)+1))="","",INDEX(ERP資料!$G:$G, (MATCH(35, 輔助計算!$E$2:$E$801, 0)+1))), "") | G36: =IFERROR(IF(INDEX(ERP資料!$H:$H, (MATCH(35, 輔助計算!$E$2:$E$801, 0)+1))="","",INDEX(ERP資料!$H:$H, (MATCH(35, 輔助計算!$E$2:$E$801, 0)+1))), "") | H36: =IFERROR(INDEX(輔助計算!$D:$D, (MATCH(35, 輔助計算!$E$2:$E$801, 0)+1)), "") | I36: =IFERROR(IF(INDEX(ERP資料!$O:$O, (MATCH(35, 輔助計算!$E$2:$E$801, 0)+1))="","",INDEX(ERP資料!$O:$O, (MATCH(35, 輔助計算!$E$2:$E$801, 0)+1))), "") | J36: =IFERROR(IF(INDEX(輔助計算!$D:$D,(MATCH(35, 輔助計算!$E$2:$E$801, 0)+1))="","",INDEX(輔助計算!$D:$D,(MATCH(35, 輔助計算!$E$2:$E$801, 0)+1))*INDEX(ERP資料!$O:$O,(MATCH(35, 輔助計算!$E$2:$E$801, 0)+1))), "")
A37: =IFERROR(IF(INDEX(ERP資料!$B:$B, (MATCH(36, 輔助計算!$E$2:$E$801, 0)+1))="","",INDEX(ERP資料!$B:$B, (MATCH(36, 輔助計算!$E$2:$E$801, 0)+1))), "") | B37: =IFERROR(IF(INDEX(ERP資料!$A:$A, (MATCH(36, 輔助計算!$E$2:$E$801, 0)+1))="","",INDEX(ERP資料!$A:$A, (MATCH(36, 輔助計算!$E$2:$E$801, 0)+1))), "") | C37: =IFERROR(IF(INDEX(ERP資料!$S:$S, (MATCH(36, 輔助計算!$E$2:$E$801, 0)+1))="","",INDEX(ERP資料!$S:$S, (MATCH(36, 輔助計算!$E$2:$E$801, 0)+1))), "") | D37: =IFERROR(IF(INDEX(ERP資料!$E:$E, (MATCH(36, 輔助計算!$E$2:$E$801, 0)+1))="","",TRIM(INDEX(ERP資料!$E:$E, (MATCH(36, 輔助計算!$E$2:$E$801, 0)+1)))), "") | E37: =IFERROR(IF(INDEX(ERP資料!$F:$F, (MATCH(36, 輔助計算!$E$2:$E$801, 0)+1))="","",INDEX(ERP資料!$F:$F, (MATCH(36, 輔助計算!$E$2:$E$801, 0)+1))), "") | F37: =IFERROR(IF(INDEX(ERP資料!$G:$G, (MATCH(36, 輔助計算!$E$2:$E$801, 0)+1))="","",INDEX(ERP資料!$G:$G, (MATCH(36, 輔助計算!$E$2:$E$801, 0)+1))), "") | G37: =IFERROR(IF(INDEX(ERP資料!$H:$H, (MATCH(36, 輔助計算!$E$2:$E$801, 0)+1))="","",INDEX(ERP資料!$H:$H, (MATCH(36, 輔助計算!$E$2:$E$801, 0)+1))), "") | H37: =IFERROR(INDEX(輔助計算!$D:$D, (MATCH(36, 輔助計算!$E$2:$E$801, 0)+1)), "") | I37: =IFERROR(IF(INDEX(ERP資料!$O:$O, (MATCH(36, 輔助計算!$E$2:$E$801, 0)+1))="","",INDEX(ERP資料!$O:$O, (MATCH(36, 輔助計算!$E$2:$E$801, 0)+1))), "") | J37: =IFERROR(IF(INDEX(輔助計算!$D:$D,(MATCH(36, 輔助計算!$E$2:$E$801, 0)+1))="","",INDEX(輔助計算!$D:$D,(MATCH(36, 輔助計算!$E$2:$E$801, 0)+1))*INDEX(ERP資料!$O:$O,(MATCH(36, 輔助計算!$E$2:$E$801, 0)+1))), "")
A38: =IFERROR(IF(INDEX(ERP資料!$B:$B, (MATCH(37, 輔助計算!$E$2:$E$801, 0)+1))="","",INDEX(ERP資料!$B:$B, (MATCH(37, 輔助計算!$E$2:$E$801, 0)+1))), "") | B38: =IFERROR(IF(INDEX(ERP資料!$A:$A, (MATCH(37, 輔助計算!$E$2:$E$801, 0)+1))="","",INDEX(ERP資料!$A:$A, (MATCH(37, 輔助計算!$E$2:$E$801, 0)+1))), "") | C38: =IFERROR(IF(INDEX(ERP資料!$S:$S, (MATCH(37, 輔助計算!$E$2:$E$801, 0)+1))="","",INDEX(ERP資料!$S:$S, (MATCH(37, 輔助計算!$E$2:$E$801, 0)+1))), "") | D38: =IFERROR(IF(INDEX(ERP資料!$E:$E, (MATCH(37, 輔助計算!$E$2:$E$801, 0)+1))="","",TRIM(INDEX(ERP資料!$E:$E, (MATCH(37, 輔助計算!$E$2:$E$801, 0)+1)))), "") | E38: =IFERROR(IF(INDEX(ERP資料!$F:$F, (MATCH(37, 輔助計算!$E$2:$E$801, 0)+1))="","",INDEX(ERP資料!$F:$F, (MATCH(37, 輔助計算!$E$2:$E$801, 0)+1))), "") | F38: =IFERROR(IF(INDEX(ERP資料!$G:$G, (MATCH(37, 輔助計算!$E$2:$E$801, 0)+1))="","",INDEX(ERP資料!$G:$G, (MATCH(37, 輔助計算!$E$2:$E$801, 0)+1))), "") | G38: =IFERROR(IF(INDEX(ERP資料!$H:$H, (MATCH(37, 輔助計算!$E$2:$E$801, 0)+1))="","",INDEX(ERP資料!$H:$H, (MATCH(37, 輔助計算!$E$2:$E$801, 0)+1))), "") | H38: =IFERROR(INDEX(輔助計算!$D:$D, (MATCH(37, 輔助計算!$E$2:$E$801, 0)+1)), "") | I38: =IFERROR(IF(INDEX(ERP資料!$O:$O, (MATCH(37, 輔助計算!$E$2:$E$801, 0)+1))="","",INDEX(ERP資料!$O:$O, (MATCH(37, 輔助計算!$E$2:$E$801, 0)+1))), "") | J38: =IFERROR(IF(INDEX(輔助計算!$D:$D,(MATCH(37, 輔助計算!$E$2:$E$801, 0)+1))="","",INDEX(輔助計算!$D:$D,(MATCH(37, 輔助計算!$E$2:$E$801, 0)+1))*INDEX(ERP資料!$O:$O,(MATCH(37, 輔助計算!$E$2:$E$801, 0)+1))), "")
A39: =IFERROR(IF(INDEX(ERP資料!$B:$B, (MATCH(38, 輔助計算!$E$2:$E$801, 0)+1))="","",INDEX(ERP資料!$B:$B, (MATCH(38, 輔助計算!$E$2:$E$801, 0)+1))), "") | B39: =IFERROR(IF(INDEX(ERP資料!$A:$A, (MATCH(38, 輔助計算!$E$2:$E$801, 0)+1))="","",INDEX(ERP資料!$A:$A, (MATCH(38, 輔助計算!$E$2:$E$801, 0)+1))), "") | C39: =IFERROR(IF(INDEX(ERP資料!$S:$S, (MATCH(38, 輔助計算!$E$2:$E$801, 0)+1))="","",INDEX(ERP資料!$S:$S, (MATCH(38, 輔助計算!$E$2:$E$801, 0)+1))), "") | D39: =IFERROR(IF(INDEX(ERP資料!$E:$E, (MATCH(38, 輔助計算!$E$2:$E$801, 0)+1))="","",TRIM(INDEX(ERP資料!$E:$E, (MATCH(38, 輔助計算!$E$2:$E$801, 0)+1)))), "") | E39: =IFERROR(IF(INDEX(ERP資料!$F:$F, (MATCH(38, 輔助計算!$E$2:$E$801, 0)+1))="","",INDEX(ERP資料!$F:$F, (MATCH(38, 輔助計算!$E$2:$E$801, 0)+1))), "") | F39: =IFERROR(IF(INDEX(ERP資料!$G:$G, (MATCH(38, 輔助計算!$E$2:$E$801, 0)+1))="","",INDEX(ERP資料!$G:$G, (MATCH(38, 輔助計算!$E$2:$E$801, 0)+1))), "") | G39: =IFERROR(IF(INDEX(ERP資料!$H:$H, (MATCH(38, 輔助計算!$E$2:$E$801, 0)+1))="","",INDEX(ERP資料!$H:$H, (MATCH(38, 輔助計算!$E$2:$E$801, 0)+1))), "") | H39: =IFERROR(INDEX(輔助計算!$D:$D, (MATCH(38, 輔助計算!$E$2:$E$801, 0)+1)), "") | I39: =IFERROR(IF(INDEX(ERP資料!$O:$O, (MATCH(38, 輔助計算!$E$2:$E$801, 0)+1))="","",INDEX(ERP資料!$O:$O, (MATCH(38, 輔助計算!$E$2:$E$801, 0)+1))), "") | J39: =IFERROR(IF(INDEX(輔助計算!$D:$D,(MATCH(38, 輔助計算!$E$2:$E$801, 0)+1))="","",INDEX(輔助計算!$D:$D,(MATCH(38, 輔助計算!$E$2:$E$801, 0)+1))*INDEX(ERP資料!$O:$O,(MATCH(38, 輔助計算!$E$2:$E$801, 0)+1))), "")
A40: =IFERROR(IF(INDEX(ERP資料!$B:$B, (MATCH(39, 輔助計算!$E$2:$E$801, 0)+1))="","",INDEX(ERP資料!$B:$B, (MATCH(39, 輔助計算!$E$2:$E$801, 0)+1))), "") | B40: =IFERROR(IF(INDEX(ERP資料!$A:$A, (MATCH(39, 輔助計算!$E$2:$E$801, 0)+1))="","",INDEX(ERP資料!$A:$A, (MATCH(39, 輔助計算!$E$2:$E$801, 0)+1))), "") | C40: =IFERROR(IF(INDEX(ERP資料!$S:$S, (MATCH(39, 輔助計算!$E$2:$E$801, 0)+1))="","",INDEX(ERP資料!$S:$S, (MATCH(39, 輔助計算!$E$2:$E$801, 0)+1))), "") | D40: =IFERROR(IF(INDEX(ERP資料!$E:$E, (MATCH(39, 輔助計算!$E$2:$E$801, 0)+1))="","",TRIM(INDEX(ERP資料!$E:$E, (MATCH(39, 輔助計算!$E$2:$E$801, 0)+1)))), "") | E40: =IFERROR(IF(INDEX(ERP資料!$F:$F, (MATCH(39, 輔助計算!$E$2:$E$801, 0)+1))="","",INDEX(ERP資料!$F:$F, (MATCH(39, 輔助計算!$E$2:$E$801, 0)+1))), "") | F40: =IFERROR(IF(INDEX(ERP資料!$G:$G, (MATCH(39, 輔助計算!$E$2:$E$801, 0)+1))="","",INDEX(ERP資料!$G:$G, (MATCH(39, 輔助計算!$E$2:$E$801, 0)+1))), "") | G40: =IFERROR(IF(INDEX(ERP資料!$H:$H, (MATCH(39, 輔助計算!$E$2:$E$801, 0)+1))="","",INDEX(ERP資料!$H:$H, (MATCH(39, 輔助計算!$E$2:$E$801, 0)+1))), "") | H40: =IFERROR(INDEX(輔助計算!$D:$D, (MATCH(39, 輔助計算!$E$2:$E$801, 0)+1)), "") | I40: =IFERROR(IF(INDEX(ERP資料!$O:$O, (MATCH(39, 輔助計算!$E$2:$E$801, 0)+1))="","",INDEX(ERP資料!$O:$O, (MATCH(39, 輔助計算!$E$2:$E$801, 0)+1))), "") | J40: =IFERROR(IF(INDEX(輔助計算!$D:$D,(MATCH(39, 輔助計算!$E$2:$E$801, 0)+1))="","",INDEX(輔助計算!$D:$D,(MATCH(39, 輔助計算!$E$2:$E$801, 0)+1))*INDEX(ERP資料!$O:$O,(MATCH(39, 輔助計算!$E$2:$E$801, 0)+1))), "")
A41: =IFERROR(IF(INDEX(ERP資料!$B:$B, (MATCH(40, 輔助計算!$E$2:$E$801, 0)+1))="","",INDEX(ERP資料!$B:$B, (MATCH(40, 輔助計算!$E$2:$E$801, 0)+1))), "") | B41: =IFERROR(IF(INDEX(ERP資料!$A:$A, (MATCH(40, 輔助計算!$E$2:$E$801, 0)+1))="","",INDEX(ERP資料!$A:$A, (MATCH(40, 輔助計算!$E$2:$E$801, 0)+1))), "") | C41: =IFERROR(IF(INDEX(ERP資料!$S:$S, (MATCH(40, 輔助計算!$E$2:$E$801, 0)+1))="","",INDEX(ERP資料!$S:$S, (MATCH(40, 輔助計算!$E$2:$E$801, 0)+1))), "") | D41: =IFERROR(IF(INDEX(ERP資料!$E:$E, (MATCH(40, 輔助計算!$E$2:$E$801, 0)+1))="","",TRIM(INDEX(ERP資料!$E:$E, (MATCH(40, 輔助計算!$E$2:$E$801, 0)+1)))), "") | E41: =IFERROR(IF(INDEX(ERP資料!$F:$F, (MATCH(40, 輔助計算!$E$2:$E$801, 0)+1))="","",INDEX(ERP資料!$F:$F, (MATCH(40, 輔助計算!$E$2:$E$801, 0)+1))), "") | F41: =IFERROR(IF(INDEX(ERP資料!$G:$G, (MATCH(40, 輔助計算!$E$2:$E$801, 0)+1))="","",INDEX(ERP資料!$G:$G, (MATCH(40, 輔助計算!$E$2:$E$801, 0)+1))), "") | G41: =IFERROR(IF(INDEX(ERP資料!$H:$H, (MATCH(40, 輔助計算!$E$2:$E$801, 0)+1))="","",INDEX(ERP資料!$H:$H, (MATCH(40, 輔助計算!$E$2:$E$801, 0)+1))), "") | H41: =IFERROR(INDEX(輔助計算!$D:$D, (MATCH(40, 輔助計算!$E$2:$E$801, 0)+1)), "") | I41: =IFERROR(IF(INDEX(ERP資料!$O:$O, (MATCH(40, 輔助計算!$E$2:$E$801, 0)+1))="","",INDEX(ERP資料!$O:$O, (MATCH(40, 輔助計算!$E$2:$E$801, 0)+1))), "") | J41: =IFERROR(IF(INDEX(輔助計算!$D:$D,(MATCH(40, 輔助計算!$E$2:$E$801, 0)+1))="","",INDEX(輔助計算!$D:$D,(MATCH(40, 輔助計算!$E$2:$E$801, 0)+1))*INDEX(ERP資料!$O:$O,(MATCH(40, 輔助計算!$E$2:$E$801, 0)+1))), "")
A42: =IFERROR(IF(INDEX(ERP資料!$B:$B, (MATCH(41, 輔助計算!$E$2:$E$801, 0)+1))="","",INDEX(ERP資料!$B:$B, (MATCH(41, 輔助計算!$E$2:$E$801, 0)+1))), "") | B42: =IFERROR(IF(INDEX(ERP資料!$A:$A, (MATCH(41, 輔助計算!$E$2:$E$801, 0)+1))="","",INDEX(ERP資料!$A:$A, (MATCH(41, 輔助計算!$E$2:$E$801, 0)+1))), "") | C42: =IFERROR(IF(INDEX(ERP資料!$S:$S, (MATCH(41, 輔助計算!$E$2:$E$801, 0)+1))="","",INDEX(ERP資料!$S:$S, (MATCH(41, 輔助計算!$E$2:$E$801, 0)+1))), "") | D42: =IFERROR(IF(INDEX(ERP資料!$E:$E, (MATCH(41, 輔助計算!$E$2:$E$801, 0)+1))="","",TRIM(INDEX(ERP資料!$E:$E, (MATCH(41, 輔助計算!$E$2:$E$801, 0)+1)))), "") | E42: =IFERROR(IF(INDEX(ERP資料!$F:$F, (MATCH(41, 輔助計算!$E$2:$E$801, 0)+1))="","",INDEX(ERP資料!$F:$F, (MATCH(41, 輔助計算!$E$2:$E$801, 0)+1))), "") | F42: =IFERROR(IF(INDEX(ERP資料!$G:$G, (MATCH(41, 輔助計算!$E$2:$E$801, 0)+1))="","",INDEX(ERP資料!$G:$G, (MATCH(41, 輔助計算!$E$2:$E$801, 0)+1))), "") | G42: =IFERROR(IF(INDEX(ERP資料!$H:$H, (MATCH(41, 輔助計算!$E$2:$E$801, 0)+1))="","",INDEX(ERP資料!$H:$H, (MATCH(41, 輔助計算!$E$2:$E$801, 0)+1))), "") | H42: =IFERROR(INDEX(輔助計算!$D:$D, (MATCH(41, 輔助計算!$E$2:$E$801, 0)+1)), "") | I42: =IFERROR(IF(INDEX(ERP資料!$O:$O, (MATCH(41, 輔助計算!$E$2:$E$801, 0)+1))="","",INDEX(ERP資料!$O:$O, (MATCH(41, 輔助計算!$E$2:$E$801, 0)+1))), "") | J42: =IFERROR(IF(INDEX(輔助計算!$D:$D,(MATCH(41, 輔助計算!$E$2:$E$801, 0)+1))="","",INDEX(輔助計算!$D:$D,(MATCH(41, 輔助計算!$E$2:$E$801, 0)+1))*INDEX(ERP資料!$O:$O,(MATCH(41, 輔助計算!$E$2:$E$801, 0)+1))), "")
A43: =IFERROR(IF(INDEX(ERP資料!$B:$B, (MATCH(42, 輔助計算!$E$2:$E$801, 0)+1))="","",INDEX(ERP資料!$B:$B, (MATCH(42, 輔助計算!$E$2:$E$801, 0)+1))), "") | B43: =IFERROR(IF(INDEX(ERP資料!$A:$A, (MATCH(42, 輔助計算!$E$2:$E$801, 0)+1))="","",INDEX(ERP資料!$A:$A, (MATCH(42, 輔助計算!$E$2:$E$801, 0)+1))), "") | C43: =IFERROR(IF(INDEX(ERP資料!$S:$S, (MATCH(42, 輔助計算!$E$2:$E$801, 0)+1))="","",INDEX(ERP資料!$S:$S, (MATCH(42, 輔助計算!$E$2:$E$801, 0)+1))), "") | D43: =IFERROR(IF(INDEX(ERP資料!$E:$E, (MATCH(42, 輔助計算!$E$2:$E$801, 0)+1))="","",TRIM(INDEX(ERP資料!$E:$E, (MATCH(42, 輔助計算!$E$2:$E$801, 0)+1)))), "") | E43: =IFERROR(IF(INDEX(ERP資料!$F:$F, (MATCH(42, 輔助計算!$E$2:$E$801, 0)+1))="","",INDEX(ERP資料!$F:$F, (MATCH(42, 輔助計算!$E$2:$E$801, 0)+1))), "") | F43: =IFERROR(IF(INDEX(ERP資料!$G:$G, (MATCH(42, 輔助計算!$E$2:$E$801, 0)+1))="","",INDEX(ERP資料!$G:$G, (MATCH(42, 輔助計算!$E$2:$E$801, 0)+1))), "") | G43: =IFERROR(IF(INDEX(ERP資料!$H:$H, (MATCH(42, 輔助計算!$E$2:$E$801, 0)+1))="","",INDEX(ERP資料!$H:$H, (MATCH(42, 輔助計算!$E$2:$E$801, 0)+1))), "") | H43: =IFERROR(INDEX(輔助計算!$D:$D, (MATCH(42, 輔助計算!$E$2:$E$801, 0)+1)), "") | I43: =IFERROR(IF(INDEX(ERP資料!$O:$O, (MATCH(42, 輔助計算!$E$2:$E$801, 0)+1))="","",INDEX(ERP資料!$O:$O, (MATCH(42, 輔助計算!$E$2:$E$801, 0)+1))), "") | J43: =IFERROR(IF(INDEX(輔助計算!$D:$D,(MATCH(42, 輔助計算!$E$2:$E$801, 0)+1))="","",INDEX(輔助計算!$D:$D,(MATCH(42, 輔助計算!$E$2:$E$801, 0)+1))*INDEX(ERP資料!$O:$O,(MATCH(42, 輔助計算!$E$2:$E$801, 0)+1))), "")
A44: =IFERROR(IF(INDEX(ERP資料!$B:$B, (MATCH(43, 輔助計算!$E$2:$E$801, 0)+1))="","",INDEX(ERP資料!$B:$B, (MATCH(43, 輔助計算!$E$2:$E$801, 0)+1))), "") | B44: =IFERROR(IF(INDEX(ERP資料!$A:$A, (MATCH(43, 輔助計算!$E$2:$E$801, 0)+1))="","",INDEX(ERP資料!$A:$A, (MATCH(43, 輔助計算!$E$2:$E$801, 0)+1))), "") | C44: =IFERROR(IF(INDEX(ERP資料!$S:$S, (MATCH(43, 輔助計算!$E$2:$E$801, 0)+1))="","",INDEX(ERP資料!$S:$S, (MATCH(43, 輔助計算!$E$2:$E$801, 0)+1))), "") | D44: =IFERROR(IF(INDEX(ERP資料!$E:$E, (MATCH(43, 輔助計算!$E$2:$E$801, 0)+1))="","",TRIM(INDEX(ERP資料!$E:$E, (MATCH(43, 輔助計算!$E$2:$E$801, 0)+1)))), "") | E44: =IFERROR(IF(INDEX(ERP資料!$F:$F, (MATCH(43, 輔助計算!$E$2:$E$801, 0)+1))="","",INDEX(ERP資料!$F:$F, (MATCH(43, 輔助計算!$E$2:$E$801, 0)+1))), "") | F44: =IFERROR(IF(INDEX(ERP資料!$G:$G, (MATCH(43, 輔助計算!$E$2:$E$801, 0)+1))="","",INDEX(ERP資料!$G:$G, (MATCH(43, 輔助計算!$E$2:$E$801, 0)+1))), "") | G44: =IFERROR(IF(INDEX(ERP資料!$H:$H, (MATCH(43, 輔助計算!$E$2:$E$801, 0)+1))="","",INDEX(ERP資料!$H:$H, (MATCH(43, 輔助計算!$E$2:$E$801, 0)+1))), "") | H44: =IFERROR(INDEX(輔助計算!$D:$D, (MATCH(43, 輔助計算!$E$2:$E$801, 0)+1)), "") | I44: =IFERROR(IF(INDEX(ERP資料!$O:$O, (MATCH(43, 輔助計算!$E$2:$E$801, 0)+1))="","",INDEX(ERP資料!$O:$O, (MATCH(43, 輔助計算!$E$2:$E$801, 0)+1))), "") | J44: =IFERROR(IF(INDEX(輔助計算!$D:$D,(MATCH(43, 輔助計算!$E$2:$E$801, 0)+1))="","",INDEX(輔助計算!$D:$D,(MATCH(43, 輔助計算!$E$2:$E$801, 0)+1))*INDEX(ERP資料!$O:$O,(MATCH(43, 輔助計算!$E$2:$E$801, 0)+1))), "")
A45: =IFERROR(IF(INDEX(ERP資料!$B:$B, (MATCH(44, 輔助計算!$E$2:$E$801, 0)+1))="","",INDEX(ERP資料!$B:$B, (MATCH(44, 輔助計算!$E$2:$E$801, 0)+1))), "") | B45: =IFERROR(IF(INDEX(ERP資料!$A:$A, (MATCH(44, 輔助計算!$E$2:$E$801, 0)+1))="","",INDEX(ERP資料!$A:$A, (MATCH(44, 輔助計算!$E$2:$E$801, 0)+1))), "") | C45: =IFERROR(IF(INDEX(ERP資料!$S:$S, (MATCH(44, 輔助計算!$E$2:$E$801, 0)+1))="","",INDEX(ERP資料!$S:$S, (MATCH(44, 輔助計算!$E$2:$E$801, 0)+1))), "") | D45: =IFERROR(IF(INDEX(ERP資料!$E:$E, (MATCH(44, 輔助計算!$E$2:$E$801, 0)+1))="","",TRIM(INDEX(ERP資料!$E:$E, (MATCH(44, 輔助計算!$E$2:$E$801, 0)+1)))), "") | E45: =IFERROR(IF(INDEX(ERP資料!$F:$F, (MATCH(44, 輔助計算!$E$2:$E$801, 0)+1))="","",INDEX(ERP資料!$F:$F, (MATCH(44, 輔助計算!$E$2:$E$801, 0)+1))), "") | F45: =IFERROR(IF(INDEX(ERP資料!$G:$G, (MATCH(44, 輔助計算!$E$2:$E$801, 0)+1))="","",INDEX(ERP資料!$G:$G, (MATCH(44, 輔助計算!$E$2:$E$801, 0)+1))), "") | G45: =IFERROR(IF(INDEX(ERP資料!$H:$H, (MATCH(44, 輔助計算!$E$2:$E$801, 0)+1))="","",INDEX(ERP資料!$H:$H, (MATCH(44, 輔助計算!$E$2:$E$801, 0)+1))), "") | H45: =IFERROR(INDEX(輔助計算!$D:$D, (MATCH(44, 輔助計算!$E$2:$E$801, 0)+1)), "") | I45: =IFERROR(IF(INDEX(ERP資料!$O:$O, (MATCH(44, 輔助計算!$E$2:$E$801, 0)+1))="","",INDEX(ERP資料!$O:$O, (MATCH(44, 輔助計算!$E$2:$E$801, 0)+1))), "") | J45: =IFERROR(IF(INDEX(輔助計算!$D:$D,(MATCH(44, 輔助計算!$E$2:$E$801, 0)+1))="","",INDEX(輔助計算!$D:$D,(MATCH(44, 輔助計算!$E$2:$E$801, 0)+1))*INDEX(ERP資料!$O:$O,(MATCH(44, 輔助計算!$E$2:$E$801, 0)+1))), "")
A46: =IFERROR(IF(INDEX(ERP資料!$B:$B, (MATCH(45, 輔助計算!$E$2:$E$801, 0)+1))="","",INDEX(ERP資料!$B:$B, (MATCH(45, 輔助計算!$E$2:$E$801, 0)+1))), "") | B46: =IFERROR(IF(INDEX(ERP資料!$A:$A, (MATCH(45, 輔助計算!$E$2:$E$801, 0)+1))="","",INDEX(ERP資料!$A:$A, (MATCH(45, 輔助計算!$E$2:$E$801, 0)+1))), "") | C46: =IFERROR(IF(INDEX(ERP資料!$S:$S, (MATCH(45, 輔助計算!$E$2:$E$801, 0)+1))="","",INDEX(ERP資料!$S:$S, (MATCH(45, 輔助計算!$E$2:$E$801, 0)+1))), "") | D46: =IFERROR(IF(INDEX(ERP資料!$E:$E, (MATCH(45, 輔助計算!$E$2:$E$801, 0)+1))="","",TRIM(INDEX(ERP資料!$E:$E, (MATCH(45, 輔助計算!$E$2:$E$801, 0)+1)))), "") | E46: =IFERROR(IF(INDEX(ERP資料!$F:$F, (MATCH(45, 輔助計算!$E$2:$E$801, 0)+1))="","",INDEX(ERP資料!$F:$F, (MATCH(45, 輔助計算!$E$2:$E$801, 0)+1))), "") | F46: =IFERROR(IF(INDEX(ERP資料!$G:$G, (MATCH(45, 輔助計算!$E$2:$E$801, 0)+1))="","",INDEX(ERP資料!$G:$G, (MATCH(45, 輔助計算!$E$2:$E$801, 0)+1))), "") | G46: =IFERROR(IF(INDEX(ERP資料!$H:$H, (MATCH(45, 輔助計算!$E$2:$E$801, 0)+1))="","",INDEX(ERP資料!$H:$H, (MATCH(45, 輔助計算!$E$2:$E$801, 0)+1))), "") | H46: =IFERROR(INDEX(輔助計算!$D:$D, (MATCH(45, 輔助計算!$E$2:$E$801, 0)+1)), "") | I46: =IFERROR(IF(INDEX(ERP資料!$O:$O, (MATCH(45, 輔助計算!$E$2:$E$801, 0)+1))="","",INDEX(ERP資料!$O:$O, (MATCH(45, 輔助計算!$E$2:$E$801, 0)+1))), "") | J46: =IFERROR(IF(INDEX(輔助計算!$D:$D,(MATCH(45, 輔助計算!$E$2:$E$801, 0)+1))="","",INDEX(輔助計算!$D:$D,(MATCH(45, 輔助計算!$E$2:$E$801, 0)+1))*INDEX(ERP資料!$O:$O,(MATCH(45, 輔助計算!$E$2:$E$801, 0)+1))), "")
A47: =IFERROR(IF(INDEX(ERP資料!$B:$B, (MATCH(46, 輔助計算!$E$2:$E$801, 0)+1))="","",INDEX(ERP資料!$B:$B, (MATCH(46, 輔助計算!$E$2:$E$801, 0)+1))), "") | B47: =IFERROR(IF(INDEX(ERP資料!$A:$A, (MATCH(46, 輔助計算!$E$2:$E$801, 0)+1))="","",INDEX(ERP資料!$A:$A, (MATCH(46, 輔助計算!$E$2:$E$801, 0)+1))), "") | C47: =IFERROR(IF(INDEX(ERP資料!$S:$S, (MATCH(46, 輔助計算!$E$2:$E$801, 0)+1))="","",INDEX(ERP資料!$S:$S, (MATCH(46, 輔助計算!$E$2:$E$801, 0)+1))), "") | D47: =IFERROR(IF(INDEX(ERP資料!$E:$E, (MATCH(46, 輔助計算!$E$2:$E$801, 0)+1))="","",TRIM(INDEX(ERP資料!$E:$E, (MATCH(46, 輔助計算!$E$2:$E$801, 0)+1)))), "") | E47: =IFERROR(IF(INDEX(ERP資料!$F:$F, (MATCH(46, 輔助計算!$E$2:$E$801, 0)+1))="","",INDEX(ERP資料!$F:$F, (MATCH(46, 輔助計算!$E$2:$E$801, 0)+1))), "") | F47: =IFERROR(IF(INDEX(ERP資料!$G:$G, (MATCH(46, 輔助計算!$E$2:$E$801, 0)+1))="","",INDEX(ERP資料!$G:$G, (MATCH(46, 輔助計算!$E$2:$E$801, 0)+1))), "") | G47: =IFERROR(IF(INDEX(ERP資料!$H:$H, (MATCH(46, 輔助計算!$E$2:$E$801, 0)+1))="","",INDEX(ERP資料!$H:$H, (MATCH(46, 輔助計算!$E$2:$E$801, 0)+1))), "") | H47: =IFERROR(INDEX(輔助計算!$D:$D, (MATCH(46, 輔助計算!$E$2:$E$801, 0)+1)), "") | I47: =IFERROR(IF(INDEX(ERP資料!$O:$O, (MATCH(46, 輔助計算!$E$2:$E$801, 0)+1))="","",INDEX(ERP資料!$O:$O, (MATCH(46, 輔助計算!$E$2:$E$801, 0)+1))), "") | J47: =IFERROR(IF(INDEX(輔助計算!$D:$D,(MATCH(46, 輔助計算!$E$2:$E$801, 0)+1))="","",INDEX(輔助計算!$D:$D,(MATCH(46, 輔助計算!$E$2:$E$801, 0)+1))*INDEX(ERP資料!$O:$O,(MATCH(46, 輔助計算!$E$2:$E$801, 0)+1))), "")
A48: =IFERROR(IF(INDEX(ERP資料!$B:$B, (MATCH(47, 輔助計算!$E$2:$E$801, 0)+1))="","",INDEX(ERP資料!$B:$B, (MATCH(47, 輔助計算!$E$2:$E$801, 0)+1))), "") | B48: =IFERROR(IF(INDEX(ERP資料!$A:$A, (MATCH(47, 輔助計算!$E$2:$E$801, 0)+1))="","",INDEX(ERP資料!$A:$A, (MATCH(47, 輔助計算!$E$2:$E$801, 0)+1))), "") | C48: =IFERROR(IF(INDEX(ERP資料!$S:$S, (MATCH(47, 輔助計算!$E$2:$E$801, 0)+1))="","",INDEX(ERP資料!$S:$S, (MATCH(47, 輔助計算!$E$2:$E$801, 0)+1))), "") | D48: =IFERROR(IF(INDEX(ERP資料!$E:$E, (MATCH(47, 輔助計算!$E$2:$E$801, 0)+1))="","",TRIM(INDEX(ERP資料!$E:$E, (MATCH(47, 輔助計算!$E$2:$E$801, 0)+1)))), "") | E48: =IFERROR(IF(INDEX(ERP資料!$F:$F, (MATCH(47, 輔助計算!$E$2:$E$801, 0)+1))="","",INDEX(ERP資料!$F:$F, (MATCH(47, 輔助計算!$E$2:$E$801, 0)+1))), "") | F48: =IFERROR(IF(INDEX(ERP資料!$G:$G, (MATCH(47, 輔助計算!$E$2:$E$801, 0)+1))="","",INDEX(ERP資料!$G:$G, (MATCH(47, 輔助計算!$E$2:$E$801, 0)+1))), "") | G48: =IFERROR(IF(INDEX(ERP資料!$H:$H, (MATCH(47, 輔助計算!$E$2:$E$801, 0)+1))="","",INDEX(ERP資料!$H:$H, (MATCH(47, 輔助計算!$E$2:$E$801, 0)+1))), "") | H48: =IFERROR(INDEX(輔助計算!$D:$D, (MATCH(47, 輔助計算!$E$2:$E$801, 0)+1)), "") | I48: =IFERROR(IF(INDEX(ERP資料!$O:$O, (MATCH(47, 輔助計算!$E$2:$E$801, 0)+1))="","",INDEX(ERP資料!$O:$O, (MATCH(47, 輔助計算!$E$2:$E$801, 0)+1))), "") | J48: =IFERROR(IF(INDEX(輔助計算!$D:$D,(MATCH(47, 輔助計算!$E$2:$E$801, 0)+1))="","",INDEX(輔助計算!$D:$D,(MATCH(47, 輔助計算!$E$2:$E$801, 0)+1))*INDEX(ERP資料!$O:$O,(MATCH(47, 輔助計算!$E$2:$E$801, 0)+1))), "")
A49: =IFERROR(IF(INDEX(ERP資料!$B:$B, (MATCH(48, 輔助計算!$E$2:$E$801, 0)+1))="","",INDEX(ERP資料!$B:$B, (MATCH(48, 輔助計算!$E$2:$E$801, 0)+1))), "") | B49: =IFERROR(IF(INDEX(ERP資料!$A:$A, (MATCH(48, 輔助計算!$E$2:$E$801, 0)+1))="","",INDEX(ERP資料!$A:$A, (MATCH(48, 輔助計算!$E$2:$E$801, 0)+1))), "") | C49: =IFERROR(IF(INDEX(ERP資料!$S:$S, (MATCH(48, 輔助計算!$E$2:$E$801, 0)+1))="","",INDEX(ERP資料!$S:$S, (MATCH(48, 輔助計算!$E$2:$E$801, 0)+1))), "") | D49: =IFERROR(IF(INDEX(ERP資料!$E:$E, (MATCH(48, 輔助計算!$E$2:$E$801, 0)+1))="","",TRIM(INDEX(ERP資料!$E:$E, (MATCH(48, 輔助計算!$E$2:$E$801, 0)+1)))), "") | E49: =IFERROR(IF(INDEX(ERP資料!$F:$F, (MATCH(48, 輔助計算!$E$2:$E$801, 0)+1))="","",INDEX(ERP資料!$F:$F, (MATCH(48, 輔助計算!$E$2:$E$801, 0)+1))), "") | F49: =IFERROR(IF(INDEX(ERP資料!$G:$G, (MATCH(48, 輔助計算!$E$2:$E$801, 0)+1))="","",INDEX(ERP資料!$G:$G, (MATCH(48, 輔助計算!$E$2:$E$801, 0)+1))), "") | G49: =IFERROR(IF(INDEX(ERP資料!$H:$H, (MATCH(48, 輔助計算!$E$2:$E$801, 0)+1))="","",INDEX(ERP資料!$H:$H, (MATCH(48, 輔助計算!$E$2:$E$801, 0)+1))), "") | H49: =IFERROR(INDEX(輔助計算!$D:$D, (MATCH(48, 輔助計算!$E$2:$E$801, 0)+1)), "") | I49: =IFERROR(IF(INDEX(ERP資料!$O:$O, (MATCH(48, 輔助計算!$E$2:$E$801, 0)+1))="","",INDEX(ERP資料!$O:$O, (MATCH(48, 輔助計算!$E$2:$E$801, 0)+1))), "") | J49: =IFERROR(IF(INDEX(輔助計算!$D:$D,(MATCH(48, 輔助計算!$E$2:$E$801, 0)+1))="","",INDEX(輔助計算!$D:$D,(MATCH(48, 輔助計算!$E$2:$E$801, 0)+1))*INDEX(ERP資料!$O:$O,(MATCH(48, 輔助計算!$E$2:$E$801, 0)+1))), "")
A50: =IFERROR(IF(INDEX(ERP資料!$B:$B, (MATCH(49, 輔助計算!$E$2:$E$801, 0)+1))="","",INDEX(ERP資料!$B:$B, (MATCH(49, 輔助計算!$E$2:$E$801, 0)+1))), "") | B50: =IFERROR(IF(INDEX(ERP資料!$A:$A, (MATCH(49, 輔助計算!$E$2:$E$801, 0)+1))="","",INDEX(ERP資料!$A:$A, (MATCH(49, 輔助計算!$E$2:$E$801, 0)+1))), "") | C50: =IFERROR(IF(INDEX(ERP資料!$S:$S, (MATCH(49, 輔助計算!$E$2:$E$801, 0)+1))="","",INDEX(ERP資料!$S:$S, (MATCH(49, 輔助計算!$E$2:$E$801, 0)+1))), "") | D50: =IFERROR(IF(INDEX(ERP資料!$E:$E, (MATCH(49, 輔助計算!$E$2:$E$801, 0)+1))="","",TRIM(INDEX(ERP資料!$E:$E, (MATCH(49, 輔助計算!$E$2:$E$801, 0)+1)))), "") | E50: =IFERROR(IF(INDEX(ERP資料!$F:$F, (MATCH(49, 輔助計算!$E$2:$E$801, 0)+1))="","",INDEX(ERP資料!$F:$F, (MATCH(49, 輔助計算!$E$2:$E$801, 0)+1))), "") | F50: =IFERROR(IF(INDEX(ERP資料!$G:$G, (MATCH(49, 輔助計算!$E$2:$E$801, 0)+1))="","",INDEX(ERP資料!$G:$G, (MATCH(49, 輔助計算!$E$2:$E$801, 0)+1))), "") | G50: =IFERROR(IF(INDEX(ERP資料!$H:$H, (MATCH(49, 輔助計算!$E$2:$E$801, 0)+1))="","",INDEX(ERP資料!$H:$H, (MATCH(49, 輔助計算!$E$2:$E$801, 0)+1))), "") | H50: =IFERROR(INDEX(輔助計算!$D:$D, (MATCH(49, 輔助計算!$E$2:$E$801, 0)+1)), "") | I50: =IFERROR(IF(INDEX(ERP資料!$O:$O, (MATCH(49, 輔助計算!$E$2:$E$801, 0)+1))="","",INDEX(ERP資料!$O:$O, (MATCH(49, 輔助計算!$E$2:$E$801, 0)+1))), "") | J50: =IFERROR(IF(INDEX(輔助計算!$D:$D,(MATCH(49, 輔助計算!$E$2:$E$801, 0)+1))="","",INDEX(輔助計算!$D:$D,(MATCH(49, 輔助計算!$E$2:$E$801, 0)+1))*INDEX(ERP資料!$O:$O,(MATCH(49, 輔助計算!$E$2:$E$801, 0)+1))), "")
A51: =IFERROR(IF(INDEX(ERP資料!$B:$B, (MATCH(50, 輔助計算!$E$2:$E$801, 0)+1))="","",INDEX(ERP資料!$B:$B, (MATCH(50, 輔助計算!$E$2:$E$801, 0)+1))), "") | B51: =IFERROR(IF(INDEX(ERP資料!$A:$A, (MATCH(50, 輔助計算!$E$2:$E$801, 0)+1))="","",INDEX(ERP資料!$A:$A, (MATCH(50, 輔助計算!$E$2:$E$801, 0)+1))), "") | C51: =IFERROR(IF(INDEX(ERP資料!$S:$S, (MATCH(50, 輔助計算!$E$2:$E$801, 0)+1))="","",INDEX(ERP資料!$S:$S, (MATCH(50, 輔助計算!$E$2:$E$801, 0)+1))), "") | D51: =IFERROR(IF(INDEX(ERP資料!$E:$E, (MATCH(50, 輔助計算!$E$2:$E$801, 0)+1))="","",TRIM(INDEX(ERP資料!$E:$E, (MATCH(50, 輔助計算!$E$2:$E$801, 0)+1)))), "") | E51: =IFERROR(IF(INDEX(ERP資料!$F:$F, (MATCH(50, 輔助計算!$E$2:$E$801, 0)+1))="","",INDEX(ERP資料!$F:$F, (MATCH(50, 輔助計算!$E$2:$E$801, 0)+1))), "") | F51: =IFERROR(IF(INDEX(ERP資料!$G:$G, (MATCH(50, 輔助計算!$E$2:$E$801, 0)+1))="","",INDEX(ERP資料!$G:$G, (MATCH(50, 輔助計算!$E$2:$E$801, 0)+1))), "") | G51: =IFERROR(IF(INDEX(ERP資料!$H:$H, (MATCH(50, 輔助計算!$E$2:$E$801, 0)+1))="","",INDEX(ERP資料!$H:$H, (MATCH(50, 輔助計算!$E$2:$E$801, 0)+1))), "") | H51: =IFERROR(INDEX(輔助計算!$D:$D, (MATCH(50, 輔助計算!$E$2:$E$801, 0)+1)), "") | I51: =IFERROR(IF(INDEX(ERP資料!$O:$O, (MATCH(50, 輔助計算!$E$2:$E$801, 0)+1))="","",INDEX(ERP資料!$O:$O, (MATCH(50, 輔助計算!$E$2:$E$801, 0)+1))), "") | J51: =IFERROR(IF(INDEX(輔助計算!$D:$D,(MATCH(50, 輔助計算!$E$2:$E$801, 0)+1))="","",INDEX(輔助計算!$D:$D,(MATCH(50, 輔助計算!$E$2:$E$801, 0)+1))*INDEX(ERP資料!$O:$O,(MATCH(50, 輔助計算!$E$2:$E$801, 0)+1))), "")
A52: =IFERROR(IF(INDEX(ERP資料!$B:$B, (MATCH(51, 輔助計算!$E$2:$E$801, 0)+1))="","",INDEX(ERP資料!$B:$B, (MATCH(51, 輔助計算!$E$2:$E$801, 0)+1))), "") | B52: =IFERROR(IF(INDEX(ERP資料!$A:$A, (MATCH(51, 輔助計算!$E$2:$E$801, 0)+1))="","",INDEX(ERP資料!$A:$A, (MATCH(51, 輔助計算!$E$2:$E$801, 0)+1))), "") | C52: =IFERROR(IF(INDEX(ERP資料!$S:$S, (MATCH(51, 輔助計算!$E$2:$E$801, 0)+1))="","",INDEX(ERP資料!$S:$S, (MATCH(51, 輔助計算!$E$2:$E$801, 0)+1))), "") | D52: =IFERROR(IF(INDEX(ERP資料!$E:$E, (MATCH(51, 輔助計算!$E$2:$E$801, 0)+1))="","",TRIM(INDEX(ERP資料!$E:$E, (MATCH(51, 輔助計算!$E$2:$E$801, 0)+1)))), "") | E52: =IFERROR(IF(INDEX(ERP資料!$F:$F, (MATCH(51, 輔助計算!$E$2:$E$801, 0)+1))="","",INDEX(ERP資料!$F:$F, (MATCH(51, 輔助計算!$E$2:$E$801, 0)+1))), "") | F52: =IFERROR(IF(INDEX(ERP資料!$G:$G, (MATCH(51, 輔助計算!$E$2:$E$801, 0)+1))="","",INDEX(ERP資料!$G:$G, (MATCH(51, 輔助計算!$E$2:$E$801, 0)+1))), "") | G52: =IFERROR(IF(INDEX(ERP資料!$H:$H, (MATCH(51, 輔助計算!$E$2:$E$801, 0)+1))="","",INDEX(ERP資料!$H:$H, (MATCH(51, 輔助計算!$E$2:$E$801, 0)+1))), "") | H52: =IFERROR(INDEX(輔助計算!$D:$D, (MATCH(51, 輔助計算!$E$2:$E$801, 0)+1)), "") | I52: =IFERROR(IF(INDEX(ERP資料!$O:$O, (MATCH(51, 輔助計算!$E$2:$E$801, 0)+1))="","",INDEX(ERP資料!$O:$O, (MATCH(51, 輔助計算!$E$2:$E$801, 0)+1))), "") | J52: =IFERROR(IF(INDEX(輔助計算!$D:$D,(MATCH(51, 輔助計算!$E$2:$E$801, 0)+1))="","",INDEX(輔助計算!$D:$D,(MATCH(51, 輔助計算!$E$2:$E$801, 0)+1))*INDEX(ERP資料!$O:$O,(MATCH(51, 輔助計算!$E$2:$E$801, 0)+1))), "")
A53: =IFERROR(IF(INDEX(ERP資料!$B:$B, (MATCH(52, 輔助計算!$E$2:$E$801, 0)+1))="","",INDEX(ERP資料!$B:$B, (MATCH(52, 輔助計算!$E$2:$E$801, 0)+1))), "") | B53: =IFERROR(IF(INDEX(ERP資料!$A:$A, (MATCH(52, 輔助計算!$E$2:$E$801, 0)+1))="","",INDEX(ERP資料!$A:$A, (MATCH(52, 輔助計算!$E$2:$E$801, 0)+1))), "") | C53: =IFERROR(IF(INDEX(ERP資料!$S:$S, (MATCH(52, 輔助計算!$E$2:$E$801, 0)+1))="","",INDEX(ERP資料!$S:$S, (MATCH(52, 輔助計算!$E$2:$E$801, 0)+1))), "") | D53: =IFERROR(IF(INDEX(ERP資料!$E:$E, (MATCH(52, 輔助計算!$E$2:$E$801, 0)+1))="","",TRIM(INDEX(ERP資料!$E:$E, (MATCH(52, 輔助計算!$E$2:$E$801, 0)+1)))), "") | E53: =IFERROR(IF(INDEX(ERP資料!$F:$F, (MATCH(52, 輔助計算!$E$2:$E$801, 0)+1))="","",INDEX(ERP資料!$F:$F, (MATCH(52, 輔助計算!$E$2:$E$801, 0)+1))), "") | F53: =IFERROR(IF(INDEX(ERP資料!$G:$G, (MATCH(52, 輔助計算!$E$2:$E$801, 0)+1))="","",INDEX(ERP資料!$G:$G, (MATCH(52, 輔助計算!$E$2:$E$801, 0)+1))), "") | G53: =IFERROR(IF(INDEX(ERP資料!$H:$H, (MATCH(52, 輔助計算!$E$2:$E$801, 0)+1))="","",INDEX(ERP資料!$H:$H, (MATCH(52, 輔助計算!$E$2:$E$801, 0)+1))), "") | H53: =IFERROR(INDEX(輔助計算!$D:$D, (MATCH(52, 輔助計算!$E$2:$E$801, 0)+1)), "") | I53: =IFERROR(IF(INDEX(ERP資料!$O:$O, (MATCH(52, 輔助計算!$E$2:$E$801, 0)+1))="","",INDEX(ERP資料!$O:$O, (MATCH(52, 輔助計算!$E$2:$E$801, 0)+1))), "") | J53: =IFERROR(IF(INDEX(輔助計算!$D:$D,(MATCH(52, 輔助計算!$E$2:$E$801, 0)+1))="","",INDEX(輔助計算!$D:$D,(MATCH(52, 輔助計算!$E$2:$E$801, 0)+1))*INDEX(ERP資料!$O:$O,(MATCH(52, 輔助計算!$E$2:$E$801, 0)+1))), "")
A54: =IFERROR(IF(INDEX(ERP資料!$B:$B, (MATCH(53, 輔助計算!$E$2:$E$801, 0)+1))="","",INDEX(ERP資料!$B:$B, (MATCH(53, 輔助計算!$E$2:$E$801, 0)+1))), "") | B54: =IFERROR(IF(INDEX(ERP資料!$A:$A, (MATCH(53, 輔助計算!$E$2:$E$801, 0)+1))="","",INDEX(ERP資料!$A:$A, (MATCH(53, 輔助計算!$E$2:$E$801, 0)+1))), "") | C54: =IFERROR(IF(INDEX(ERP資料!$S:$S, (MATCH(53, 輔助計算!$E$2:$E$801, 0)+1))="","",INDEX(ERP資料!$S:$S, (MATCH(53, 輔助計算!$E$2:$E$801, 0)+1))), "") | D54: =IFERROR(IF(INDEX(ERP資料!$E:$E, (MATCH(53, 輔助計算!$E$2:$E$801, 0)+1))="","",TRIM(INDEX(ERP資料!$E:$E, (MATCH(53, 輔助計算!$E$2:$E$801, 0)+1)))), "") | E54: =IFERROR(IF(INDEX(ERP資料!$F:$F, (MATCH(53, 輔助計算!$E$2:$E$801, 0)+1))="","",INDEX(ERP資料!$F:$F, (MATCH(53, 輔助計算!$E$2:$E$801, 0)+1))), "") | F54: =IFERROR(IF(INDEX(ERP資料!$G:$G, (MATCH(53, 輔助計算!$E$2:$E$801, 0)+1))="","",INDEX(ERP資料!$G:$G, (MATCH(53, 輔助計算!$E$2:$E$801, 0)+1))), "") | G54: =IFERROR(IF(INDEX(ERP資料!$H:$H, (MATCH(53, 輔助計算!$E$2:$E$801, 0)+1))="","",INDEX(ERP資料!$H:$H, (MATCH(53, 輔助計算!$E$2:$E$801, 0)+1))), "") | H54: =IFERROR(INDEX(輔助計算!$D:$D, (MATCH(53, 輔助計算!$E$2:$E$801, 0)+1)), "") | I54: =IFERROR(IF(INDEX(ERP資料!$O:$O, (MATCH(53, 輔助計算!$E$2:$E$801, 0)+1))="","",INDEX(ERP資料!$O:$O, (MATCH(53, 輔助計算!$E$2:$E$801, 0)+1))), "") | J54: =IFERROR(IF(INDEX(輔助計算!$D:$D,(MATCH(53, 輔助計算!$E$2:$E$801, 0)+1))="","",INDEX(輔助計算!$D:$D,(MATCH(53, 輔助計算!$E$2:$E$801, 0)+1))*INDEX(ERP資料!$O:$O,(MATCH(53, 輔助計算!$E$2:$E$801, 0)+1))), "")
A55: =IFERROR(IF(INDEX(ERP資料!$B:$B, (MATCH(54, 輔助計算!$E$2:$E$801, 0)+1))="","",INDEX(ERP資料!$B:$B, (MATCH(54, 輔助計算!$E$2:$E$801, 0)+1))), "") | B55: =IFERROR(IF(INDEX(ERP資料!$A:$A, (MATCH(54, 輔助計算!$E$2:$E$801, 0)+1))="","",INDEX(ERP資料!$A:$A, (MATCH(54, 輔助計算!$E$2:$E$801, 0)+1))), "") | C55: =IFERROR(IF(INDEX(ERP資料!$S:$S, (MATCH(54, 輔助計算!$E$2:$E$801, 0)+1))="","",INDEX(ERP資料!$S:$S, (MATCH(54, 輔助計算!$E$2:$E$801, 0)+1))), "") | D55: =IFERROR(IF(INDEX(ERP資料!$E:$E, (MATCH(54, 輔助計算!$E$2:$E$801, 0)+1))="","",TRIM(INDEX(ERP資料!$E:$E, (MATCH(54, 輔助計算!$E$2:$E$801, 0)+1)))), "") | E55: =IFERROR(IF(INDEX(ERP資料!$F:$F, (MATCH(54, 輔助計算!$E$2:$E$801, 0)+1))="","",INDEX(ERP資料!$F:$F, (MATCH(54, 輔助計算!$E$2:$E$801, 0)+1))), "") | F55: =IFERROR(IF(INDEX(ERP資料!$G:$G, (MATCH(54, 輔助計算!$E$2:$E$801, 0)+1))="","",INDEX(ERP資料!$G:$G, (MATCH(54, 輔助計算!$E$2:$E$801, 0)+1))), "") | G55: =IFERROR(IF(INDEX(ERP資料!$H:$H, (MATCH(54, 輔助計算!$E$2:$E$801, 0)+1))="","",INDEX(ERP資料!$H:$H, (MATCH(54, 輔助計算!$E$2:$E$801, 0)+1))), "") | H55: =IFERROR(INDEX(輔助計算!$D:$D, (MATCH(54, 輔助計算!$E$2:$E$801, 0)+1)), "") | I55: =IFERROR(IF(INDEX(ERP資料!$O:$O, (MATCH(54, 輔助計算!$E$2:$E$801, 0)+1))="","",INDEX(ERP資料!$O:$O, (MATCH(54, 輔助計算!$E$2:$E$801, 0)+1))), "") | J55: =IFERROR(IF(INDEX(輔助計算!$D:$D,(MATCH(54, 輔助計算!$E$2:$E$801, 0)+1))="","",INDEX(輔助計算!$D:$D,(MATCH(54, 輔助計算!$E$2:$E$801, 0)+1))*INDEX(ERP資料!$O:$O,(MATCH(54, 輔助計算!$E$2:$E$801, 0)+1))), "")
A56: =IFERROR(IF(INDEX(ERP資料!$B:$B, (MATCH(55, 輔助計算!$E$2:$E$801, 0)+1))="","",INDEX(ERP資料!$B:$B, (MATCH(55, 輔助計算!$E$2:$E$801, 0)+1))), "") | B56: =IFERROR(IF(INDEX(ERP資料!$A:$A, (MATCH(55, 輔助計算!$E$2:$E$801, 0)+1))="","",INDEX(ERP資料!$A:$A, (MATCH(55, 輔助計算!$E$2:$E$801, 0)+1))), "") | C56: =IFERROR(IF(INDEX(ERP資料!$S:$S, (MATCH(55, 輔助計算!$E$2:$E$801, 0)+1))="","",INDEX(ERP資料!$S:$S, (MATCH(55, 輔助計算!$E$2:$E$801, 0)+1))), "") | D56: =IFERROR(IF(INDEX(ERP資料!$E:$E, (MATCH(55, 輔助計算!$E$2:$E$801, 0)+1))="","",TRIM(INDEX(ERP資料!$E:$E, (MATCH(55, 輔助計算!$E$2:$E$801, 0)+1)))), "") | E56: =IFERROR(IF(INDEX(ERP資料!$F:$F, (MATCH(55, 輔助計算!$E$2:$E$801, 0)+1))="","",INDEX(ERP資料!$F:$F, (MATCH(55, 輔助計算!$E$2:$E$801, 0)+1))), "") | F56: =IFERROR(IF(INDEX(ERP資料!$G:$G, (MATCH(55, 輔助計算!$E$2:$E$801, 0)+1))="","",INDEX(ERP資料!$G:$G, (MATCH(55, 輔助計算!$E$2:$E$801, 0)+1))), "") | G56: =IFERROR(IF(INDEX(ERP資料!$H:$H, (MATCH(55, 輔助計算!$E$2:$E$801, 0)+1))="","",INDEX(ERP資料!$H:$H, (MATCH(55, 輔助計算!$E$2:$E$801, 0)+1))), "") | H56: =IFERROR(INDEX(輔助計算!$D:$D, (MATCH(55, 輔助計算!$E$2:$E$801, 0)+1)), "") | I56: =IFERROR(IF(INDEX(ERP資料!$O:$O, (MATCH(55, 輔助計算!$E$2:$E$801, 0)+1))="","",INDEX(ERP資料!$O:$O, (MATCH(55, 輔助計算!$E$2:$E$801, 0)+1))), "") | J56: =IFERROR(IF(INDEX(輔助計算!$D:$D,(MATCH(55, 輔助計算!$E$2:$E$801, 0)+1))="","",INDEX(輔助計算!$D:$D,(MATCH(55, 輔助計算!$E$2:$E$801, 0)+1))*INDEX(ERP資料!$O:$O,(MATCH(55, 輔助計算!$E$2:$E$801, 0)+1))), "")
A57: =IFERROR(IF(INDEX(ERP資料!$B:$B, (MATCH(56, 輔助計算!$E$2:$E$801, 0)+1))="","",INDEX(ERP資料!$B:$B, (MATCH(56, 輔助計算!$E$2:$E$801, 0)+1))), "") | B57: =IFERROR(IF(INDEX(ERP資料!$A:$A, (MATCH(56, 輔助計算!$E$2:$E$801, 0)+1))="","",INDEX(ERP資料!$A:$A, (MATCH(56, 輔助計算!$E$2:$E$801, 0)+1))), "") | C57: =IFERROR(IF(INDEX(ERP資料!$S:$S, (MATCH(56, 輔助計算!$E$2:$E$801, 0)+1))="","",INDEX(ERP資料!$S:$S, (MATCH(56, 輔助計算!$E$2:$E$801, 0)+1))), "") | D57: =IFERROR(IF(INDEX(ERP資料!$E:$E, (MATCH(56, 輔助計算!$E$2:$E$801, 0)+1))="","",TRIM(INDEX(ERP資料!$E:$E, (MATCH(56, 輔助計算!$E$2:$E$801, 0)+1)))), "") | E57: =IFERROR(IF(INDEX(ERP資料!$F:$F, (MATCH(56, 輔助計算!$E$2:$E$801, 0)+1))="","",INDEX(ERP資料!$F:$F, (MATCH(56, 輔助計算!$E$2:$E$801, 0)+1))), "") | F57: =IFERROR(IF(INDEX(ERP資料!$G:$G, (MATCH(56, 輔助計算!$E$2:$E$801, 0)+1))="","",INDEX(ERP資料!$G:$G, (MATCH(56, 輔助計算!$E$2:$E$801, 0)+1))), "") | G57: =IFERROR(IF(INDEX(ERP資料!$H:$H, (MATCH(56, 輔助計算!$E$2:$E$801, 0)+1))="","",INDEX(ERP資料!$H:$H, (MATCH(56, 輔助計算!$E$2:$E$801, 0)+1))), "") | H57: =IFERROR(INDEX(輔助計算!$D:$D, (MATCH(56, 輔助計算!$E$2:$E$801, 0)+1)), "") | I57: =IFERROR(IF(INDEX(ERP資料!$O:$O, (MATCH(56, 輔助計算!$E$2:$E$801, 0)+1))="","",INDEX(ERP資料!$O:$O, (MATCH(56, 輔助計算!$E$2:$E$801, 0)+1))), "") | J57: =IFERROR(IF(INDEX(輔助計算!$D:$D,(MATCH(56, 輔助計算!$E$2:$E$801, 0)+1))="","",INDEX(輔助計算!$D:$D,(MATCH(56, 輔助計算!$E$2:$E$801, 0)+1))*INDEX(ERP資料!$O:$O,(MATCH(56, 輔助計算!$E$2:$E$801, 0)+1))), "")
A58: =IFERROR(IF(INDEX(ERP資料!$B:$B, (MATCH(57, 輔助計算!$E$2:$E$801, 0)+1))="","",INDEX(ERP資料!$B:$B, (MATCH(57, 輔助計算!$E$2:$E$801, 0)+1))), "") | B58: =IFERROR(IF(INDEX(ERP資料!$A:$A, (MATCH(57, 輔助計算!$E$2:$E$801, 0)+1))="","",INDEX(ERP資料!$A:$A, (MATCH(57, 輔助計算!$E$2:$E$801, 0)+1))), "") | C58: =IFERROR(IF(INDEX(ERP資料!$S:$S, (MATCH(57, 輔助計算!$E$2:$E$801, 0)+1))="","",INDEX(ERP資料!$S:$S, (MATCH(57, 輔助計算!$E$2:$E$801, 0)+1))), "") | D58: =IFERROR(IF(INDEX(ERP資料!$E:$E, (MATCH(57, 輔助計算!$E$2:$E$801, 0)+1))="","",TRIM(INDEX(ERP資料!$E:$E, (MATCH(57, 輔助計算!$E$2:$E$801, 0)+1)))), "") | E58: =IFERROR(IF(INDEX(ERP資料!$F:$F, (MATCH(57, 輔助計算!$E$2:$E$801, 0)+1))="","",INDEX(ERP資料!$F:$F, (MATCH(57, 輔助計算!$E$2:$E$801, 0)+1))), "") | F58: =IFERROR(IF(INDEX(ERP資料!$G:$G, (MATCH(57, 輔助計算!$E$2:$E$801, 0)+1))="","",INDEX(ERP資料!$G:$G, (MATCH(57, 輔助計算!$E$2:$E$801, 0)+1))), "") | G58: =IFERROR(IF(INDEX(ERP資料!$H:$H, (MATCH(57, 輔助計算!$E$2:$E$801, 0)+1))="","",INDEX(ERP資料!$H:$H, (MATCH(57, 輔助計算!$E$2:$E$801, 0)+1))), "") | H58: =IFERROR(INDEX(輔助計算!$D:$D, (MATCH(57, 輔助計算!$E$2:$E$801, 0)+1)), "") | I58: =IFERROR(IF(INDEX(ERP資料!$O:$O, (MATCH(57, 輔助計算!$E$2:$E$801, 0)+1))="","",INDEX(ERP資料!$O:$O, (MATCH(57, 輔助計算!$E$2:$E$801, 0)+1))), "") | J58: =IFERROR(IF(INDEX(輔助計算!$D:$D,(MATCH(57, 輔助計算!$E$2:$E$801, 0)+1))="","",INDEX(輔助計算!$D:$D,(MATCH(57, 輔助計算!$E$2:$E$801, 0)+1))*INDEX(ERP資料!$O:$O,(MATCH(57, 輔助計算!$E$2:$E$801, 0)+1))), "")
A59: =IFERROR(IF(INDEX(ERP資料!$B:$B, (MATCH(58, 輔助計算!$E$2:$E$801, 0)+1))="","",INDEX(ERP資料!$B:$B, (MATCH(58, 輔助計算!$E$2:$E$801, 0)+1))), "") | B59: =IFERROR(IF(INDEX(ERP資料!$A:$A, (MATCH(58, 輔助計算!$E$2:$E$801, 0)+1))="","",INDEX(ERP資料!$A:$A, (MATCH(58, 輔助計算!$E$2:$E$801, 0)+1))), "") | C59: =IFERROR(IF(INDEX(ERP資料!$S:$S, (MATCH(58, 輔助計算!$E$2:$E$801, 0)+1))="","",INDEX(ERP資料!$S:$S, (MATCH(58, 輔助計算!$E$2:$E$801, 0)+1))), "") | D59: =IFERROR(IF(INDEX(ERP資料!$E:$E, (MATCH(58, 輔助計算!$E$2:$E$801, 0)+1))="","",TRIM(INDEX(ERP資料!$E:$E, (MATCH(58, 輔助計算!$E$2:$E$801, 0)+1)))), "") | E59: =IFERROR(IF(INDEX(ERP資料!$F:$F, (MATCH(58, 輔助計算!$E$2:$E$801, 0)+1))="","",INDEX(ERP資料!$F:$F, (MATCH(58, 輔助計算!$E$2:$E$801, 0)+1))), "") | F59: =IFERROR(IF(INDEX(ERP資料!$G:$G, (MATCH(58, 輔助計算!$E$2:$E$801, 0)+1))="","",INDEX(ERP資料!$G:$G, (MATCH(58, 輔助計算!$E$2:$E$801, 0)+1))), "") | G59: =IFERROR(IF(INDEX(ERP資料!$H:$H, (MATCH(58, 輔助計算!$E$2:$E$801, 0)+1))="","",INDEX(ERP資料!$H:$H, (MATCH(58, 輔助計算!$E$2:$E$801, 0)+1))), "") | H59: =IFERROR(INDEX(輔助計算!$D:$D, (MATCH(58, 輔助計算!$E$2:$E$801, 0)+1)), "") | I59: =IFERROR(IF(INDEX(ERP資料!$O:$O, (MATCH(58, 輔助計算!$E$2:$E$801, 0)+1))="","",INDEX(ERP資料!$O:$O, (MATCH(58, 輔助計算!$E$2:$E$801, 0)+1))), "") | J59: =IFERROR(IF(INDEX(輔助計算!$D:$D,(MATCH(58, 輔助計算!$E$2:$E$801, 0)+1))="","",INDEX(輔助計算!$D:$D,(MATCH(58, 輔助計算!$E$2:$E$801, 0)+1))*INDEX(ERP資料!$O:$O,(MATCH(58, 輔助計算!$E$2:$E$801, 0)+1))), "")
A60: =IFERROR(IF(INDEX(ERP資料!$B:$B, (MATCH(59, 輔助計算!$E$2:$E$801, 0)+1))="","",INDEX(ERP資料!$B:$B, (MATCH(59, 輔助計算!$E$2:$E$801, 0)+1))), "") | B60: =IFERROR(IF(INDEX(ERP資料!$A:$A, (MATCH(59, 輔助計算!$E$2:$E$801, 0)+1))="","",INDEX(ERP資料!$A:$A, (MATCH(59, 輔助計算!$E$2:$E$801, 0)+1))), "") | C60: =IFERROR(IF(INDEX(ERP資料!$S:$S, (MATCH(59, 輔助計算!$E$2:$E$801, 0)+1))="","",INDEX(ERP資料!$S:$S, (MATCH(59, 輔助計算!$E$2:$E$801, 0)+1))), "") | D60: =IFERROR(IF(INDEX(ERP資料!$E:$E, (MATCH(59, 輔助計算!$E$2:$E$801, 0)+1))="","",TRIM(INDEX(ERP資料!$E:$E, (MATCH(59, 輔助計算!$E$2:$E$801, 0)+1)))), "") | E60: =IFERROR(IF(INDEX(ERP資料!$F:$F, (MATCH(59, 輔助計算!$E$2:$E$801, 0)+1))="","",INDEX(ERP資料!$F:$F, (MATCH(59, 輔助計算!$E$2:$E$801, 0)+1))), "") | F60: =IFERROR(IF(INDEX(ERP資料!$G:$G, (MATCH(59, 輔助計算!$E$2:$E$801, 0)+1))="","",INDEX(ERP資料!$G:$G, (MATCH(59, 輔助計算!$E$2:$E$801, 0)+1))), "") | G60: =IFERROR(IF(INDEX(ERP資料!$H:$H, (MATCH(59, 輔助計算!$E$2:$E$801, 0)+1))="","",INDEX(ERP資料!$H:$H, (MATCH(59, 輔助計算!$E$2:$E$801, 0)+1))), "") | H60: =IFERROR(INDEX(輔助計算!$D:$D, (MATCH(59, 輔助計算!$E$2:$E$801, 0)+1)), "") | I60: =IFERROR(IF(INDEX(ERP資料!$O:$O, (MATCH(59, 輔助計算!$E$2:$E$801, 0)+1))="","",INDEX(ERP資料!$O:$O, (MATCH(59, 輔助計算!$E$2:$E$801, 0)+1))), "") | J60: =IFERROR(IF(INDEX(輔助計算!$D:$D,(MATCH(59, 輔助計算!$E$2:$E$801, 0)+1))="","",INDEX(輔助計算!$D:$D,(MATCH(59, 輔助計算!$E$2:$E$801, 0)+1))*INDEX(ERP資料!$O:$O,(MATCH(59, 輔助計算!$E$2:$E$801, 0)+1))), "")
A61: =IFERROR(IF(INDEX(ERP資料!$B:$B, (MATCH(60, 輔助計算!$E$2:$E$801, 0)+1))="","",INDEX(ERP資料!$B:$B, (MATCH(60, 輔助計算!$E$2:$E$801, 0)+1))), "") | B61: =IFERROR(IF(INDEX(ERP資料!$A:$A, (MATCH(60, 輔助計算!$E$2:$E$801, 0)+1))="","",INDEX(ERP資料!$A:$A, (MATCH(60, 輔助計算!$E$2:$E$801, 0)+1))), "") | C61: =IFERROR(IF(INDEX(ERP資料!$S:$S, (MATCH(60, 輔助計算!$E$2:$E$801, 0)+1))="","",INDEX(ERP資料!$S:$S, (MATCH(60, 輔助計算!$E$2:$E$801, 0)+1))), "") | D61: =IFERROR(IF(INDEX(ERP資料!$E:$E, (MATCH(60, 輔助計算!$E$2:$E$801, 0)+1))="","",TRIM(INDEX(ERP資料!$E:$E, (MATCH(60, 輔助計算!$E$2:$E$801, 0)+1)))), "") | E61: =IFERROR(IF(INDEX(ERP資料!$F:$F, (MATCH(60, 輔助計算!$E$2:$E$801, 0)+1))="","",INDEX(ERP資料!$F:$F, (MATCH(60, 輔助計算!$E$2:$E$801, 0)+1))), "") | F61: =IFERROR(IF(INDEX(ERP資料!$G:$G, (MATCH(60, 輔助計算!$E$2:$E$801, 0)+1))="","",INDEX(ERP資料!$G:$G, (MATCH(60, 輔助計算!$E$2:$E$801, 0)+1))), "") | G61: =IFERROR(IF(INDEX(ERP資料!$H:$H, (MATCH(60, 輔助計算!$E$2:$E$801, 0)+1))="","",INDEX(ERP資料!$H:$H, (MATCH(60, 輔助計算!$E$2:$E$801, 0)+1))), "") | H61: =IFERROR(INDEX(輔助計算!$D:$D, (MATCH(60, 輔助計算!$E$2:$E$801, 0)+1)), "") | I61: =IFERROR(IF(INDEX(ERP資料!$O:$O, (MATCH(60, 輔助計算!$E$2:$E$801, 0)+1))="","",INDEX(ERP資料!$O:$O, (MATCH(60, 輔助計算!$E$2:$E$801, 0)+1))), "") | J61: =IFERROR(IF(INDEX(輔助計算!$D:$D,(MATCH(60, 輔助計算!$E$2:$E$801, 0)+1))="","",INDEX(輔助計算!$D:$D,(MATCH(60, 輔助計算!$E$2:$E$801, 0)+1))*INDEX(ERP資料!$O:$O,(MATCH(60, 輔助計算!$E$2:$E$801, 0)+1))), "")
A62: =IFERROR(IF(INDEX(ERP資料!$B:$B, (MATCH(61, 輔助計算!$E$2:$E$801, 0)+1))="","",INDEX(ERP資料!$B:$B, (MATCH(61, 輔助計算!$E$2:$E$801, 0)+1))), "") | B62: =IFERROR(IF(INDEX(ERP資料!$A:$A, (MATCH(61, 輔助計算!$E$2:$E$801, 0)+1))="","",INDEX(ERP資料!$A:$A, (MATCH(61, 輔助計算!$E$2:$E$801, 0)+1))), "") | C62: =IFERROR(IF(INDEX(ERP資料!$S:$S, (MATCH(61, 輔助計算!$E$2:$E$801, 0)+1))="","",INDEX(ERP資料!$S:$S, (MATCH(61, 輔助計算!$E$2:$E$801, 0)+1))), "") | D62: =IFERROR(IF(INDEX(ERP資料!$E:$E, (MATCH(61, 輔助計算!$E$2:$E$801, 0)+1))="","",TRIM(INDEX(ERP資料!$E:$E, (MATCH(61, 輔助計算!$E$2:$E$801, 0)+1)))), "") | E62: =IFERROR(IF(INDEX(ERP資料!$F:$F, (MATCH(61, 輔助計算!$E$2:$E$801, 0)+1))="","",INDEX(ERP資料!$F:$F, (MATCH(61, 輔助計算!$E$2:$E$801, 0)+1))), "") | F62: =IFERROR(IF(INDEX(ERP資料!$G:$G, (MATCH(61, 輔助計算!$E$2:$E$801, 0)+1))="","",INDEX(ERP資料!$G:$G, (MATCH(61, 輔助計算!$E$2:$E$801, 0)+1))), "") | G62: =IFERROR(IF(INDEX(ERP資料!$H:$H, (MATCH(61, 輔助計算!$E$2:$E$801, 0)+1))="","",INDEX(ERP資料!$H:$H, (MATCH(61, 輔助計算!$E$2:$E$801, 0)+1))), "") | H62: =IFERROR(INDEX(輔助計算!$D:$D, (MATCH(61, 輔助計算!$E$2:$E$801, 0)+1)), "") | I62: =IFERROR(IF(INDEX(ERP資料!$O:$O, (MATCH(61, 輔助計算!$E$2:$E$801, 0)+1))="","",INDEX(ERP資料!$O:$O, (MATCH(61, 輔助計算!$E$2:$E$801, 0)+1))), "") | J62: =IFERROR(IF(INDEX(輔助計算!$D:$D,(MATCH(61, 輔助計算!$E$2:$E$801, 0)+1))="","",INDEX(輔助計算!$D:$D,(MATCH(61, 輔助計算!$E$2:$E$801, 0)+1))*INDEX(ERP資料!$O:$O,(MATCH(61, 輔助計算!$E$2:$E$801, 0)+1))), "")
A63: =IFERROR(IF(INDEX(ERP資料!$B:$B, (MATCH(62, 輔助計算!$E$2:$E$801, 0)+1))="","",INDEX(ERP資料!$B:$B, (MATCH(62, 輔助計算!$E$2:$E$801, 0)+1))), "") | B63: =IFERROR(IF(INDEX(ERP資料!$A:$A, (MATCH(62, 輔助計算!$E$2:$E$801, 0)+1))="","",INDEX(ERP資料!$A:$A, (MATCH(62, 輔助計算!$E$2:$E$801, 0)+1))), "") | C63: =IFERROR(IF(INDEX(ERP資料!$S:$S, (MATCH(62, 輔助計算!$E$2:$E$801, 0)+1))="","",INDEX(ERP資料!$S:$S, (MATCH(62, 輔助計算!$E$2:$E$801, 0)+1))), "") | D63: =IFERROR(IF(INDEX(ERP資料!$E:$E, (MATCH(62, 輔助計算!$E$2:$E$801, 0)+1))="","",TRIM(INDEX(ERP資料!$E:$E, (MATCH(62, 輔助計算!$E$2:$E$801, 0)+1)))), "") | E63: =IFERROR(IF(INDEX(ERP資料!$F:$F, (MATCH(62, 輔助計算!$E$2:$E$801, 0)+1))="","",INDEX(ERP資料!$F:$F, (MATCH(62, 輔助計算!$E$2:$E$801, 0)+1))), "") | F63: =IFERROR(IF(INDEX(ERP資料!$G:$G, (MATCH(62, 輔助計算!$E$2:$E$801, 0)+1))="","",INDEX(ERP資料!$G:$G, (MATCH(62, 輔助計算!$E$2:$E$801, 0)+1))), "") | G63: =IFERROR(IF(INDEX(ERP資料!$H:$H, (MATCH(62, 輔助計算!$E$2:$E$801, 0)+1))="","",INDEX(ERP資料!$H:$H, (MATCH(62, 輔助計算!$E$2:$E$801, 0)+1))), "") | H63: =IFERROR(INDEX(輔助計算!$D:$D, (MATCH(62, 輔助計算!$E$2:$E$801, 0)+1)), "") | I63: =IFERROR(IF(INDEX(ERP資料!$O:$O, (MATCH(62, 輔助計算!$E$2:$E$801, 0)+1))="","",INDEX(ERP資料!$O:$O, (MATCH(62, 輔助計算!$E$2:$E$801, 0)+1))), "") | J63: =IFERROR(IF(INDEX(輔助計算!$D:$D,(MATCH(62, 輔助計算!$E$2:$E$801, 0)+1))="","",INDEX(輔助計算!$D:$D,(MATCH(62, 輔助計算!$E$2:$E$801, 0)+1))*INDEX(ERP資料!$O:$O,(MATCH(62, 輔助計算!$E$2:$E$801, 0)+1))), "")
A64: =IFERROR(IF(INDEX(ERP資料!$B:$B, (MATCH(63, 輔助計算!$E$2:$E$801, 0)+1))="","",INDEX(ERP資料!$B:$B, (MATCH(63, 輔助計算!$E$2:$E$801, 0)+1))), "") | B64: =IFERROR(IF(INDEX(ERP資料!$A:$A, (MATCH(63, 輔助計算!$E$2:$E$801, 0)+1))="","",INDEX(ERP資料!$A:$A, (MATCH(63, 輔助計算!$E$2:$E$801, 0)+1))), "") | C64: =IFERROR(IF(INDEX(ERP資料!$S:$S, (MATCH(63, 輔助計算!$E$2:$E$801, 0)+1))="","",INDEX(ERP資料!$S:$S, (MATCH(63, 輔助計算!$E$2:$E$801, 0)+1))), "") | D64: =IFERROR(IF(INDEX(ERP資料!$E:$E, (MATCH(63, 輔助計算!$E$2:$E$801, 0)+1))="","",TRIM(INDEX(ERP資料!$E:$E, (MATCH(63, 輔助計算!$E$2:$E$801, 0)+1)))), "") | E64: =IFERROR(IF(INDEX(ERP資料!$F:$F, (MATCH(63, 輔助計算!$E$2:$E$801, 0)+1))="","",INDEX(ERP資料!$F:$F, (MATCH(63, 輔助計算!$E$2:$E$801, 0)+1))), "") | F64: =IFERROR(IF(INDEX(ERP資料!$G:$G, (MATCH(63, 輔助計算!$E$2:$E$801, 0)+1))="","",INDEX(ERP資料!$G:$G, (MATCH(63, 輔助計算!$E$2:$E$801, 0)+1))), "") | G64: =IFERROR(IF(INDEX(ERP資料!$H:$H, (MATCH(63, 輔助計算!$E$2:$E$801, 0)+1))="","",INDEX(ERP資料!$H:$H, (MATCH(63, 輔助計算!$E$2:$E$801, 0)+1))), "") | H64: =IFERROR(INDEX(輔助計算!$D:$D, (MATCH(63, 輔助計算!$E$2:$E$801, 0)+1)), "") | I64: =IFERROR(IF(INDEX(ERP資料!$O:$O, (MATCH(63, 輔助計算!$E$2:$E$801, 0)+1))="","",INDEX(ERP資料!$O:$O, (MATCH(63, 輔助計算!$E$2:$E$801, 0)+1))), "") | J64: =IFERROR(IF(INDEX(輔助計算!$D:$D,(MATCH(63, 輔助計算!$E$2:$E$801, 0)+1))="","",INDEX(輔助計算!$D:$D,(MATCH(63, 輔助計算!$E$2:$E$801, 0)+1))*INDEX(ERP資料!$O:$O,(MATCH(63, 輔助計算!$E$2:$E$801, 0)+1))), "")
A65: =IFERROR(IF(INDEX(ERP資料!$B:$B, (MATCH(64, 輔助計算!$E$2:$E$801, 0)+1))="","",INDEX(ERP資料!$B:$B, (MATCH(64, 輔助計算!$E$2:$E$801, 0)+1))), "") | B65: =IFERROR(IF(INDEX(ERP資料!$A:$A, (MATCH(64, 輔助計算!$E$2:$E$801, 0)+1))="","",INDEX(ERP資料!$A:$A, (MATCH(64, 輔助計算!$E$2:$E$801, 0)+1))), "") | C65: =IFERROR(IF(INDEX(ERP資料!$S:$S, (MATCH(64, 輔助計算!$E$2:$E$801, 0)+1))="","",INDEX(ERP資料!$S:$S, (MATCH(64, 輔助計算!$E$2:$E$801, 0)+1))), "") | D65: =IFERROR(IF(INDEX(ERP資料!$E:$E, (MATCH(64, 輔助計算!$E$2:$E$801, 0)+1))="","",TRIM(INDEX(ERP資料!$E:$E, (MATCH(64, 輔助計算!$E$2:$E$801, 0)+1)))), "") | E65: =IFERROR(IF(INDEX(ERP資料!$F:$F, (MATCH(64, 輔助計算!$E$2:$E$801, 0)+1))="","",INDEX(ERP資料!$F:$F, (MATCH(64, 輔助計算!$E$2:$E$801, 0)+1))), "") | F65: =IFERROR(IF(INDEX(ERP資料!$G:$G, (MATCH(64, 輔助計算!$E$2:$E$801, 0)+1))="","",INDEX(ERP資料!$G:$G, (MATCH(64, 輔助計算!$E$2:$E$801, 0)+1))), "") | G65: =IFERROR(IF(INDEX(ERP資料!$H:$H, (MATCH(64, 輔助計算!$E$2:$E$801, 0)+1))="","",INDEX(ERP資料!$H:$H, (MATCH(64, 輔助計算!$E$2:$E$801, 0)+1))), "") | H65: =IFERROR(INDEX(輔助計算!$D:$D, (MATCH(64, 輔助計算!$E$2:$E$801, 0)+1)), "") | I65: =IFERROR(IF(INDEX(ERP資料!$O:$O, (MATCH(64, 輔助計算!$E$2:$E$801, 0)+1))="","",INDEX(ERP資料!$O:$O, (MATCH(64, 輔助計算!$E$2:$E$801, 0)+1))), "") | J65: =IFERROR(IF(INDEX(輔助計算!$D:$D,(MATCH(64, 輔助計算!$E$2:$E$801, 0)+1))="","",INDEX(輔助計算!$D:$D,(MATCH(64, 輔助計算!$E$2:$E$801, 0)+1))*INDEX(ERP資料!$O:$O,(MATCH(64, 輔助計算!$E$2:$E$801, 0)+1))), "")
A66: =IFERROR(IF(INDEX(ERP資料!$B:$B, (MATCH(65, 輔助計算!$E$2:$E$801, 0)+1))="","",INDEX(ERP資料!$B:$B, (MATCH(65, 輔助計算!$E$2:$E$801, 0)+1))), "") | B66: =IFERROR(IF(INDEX(ERP資料!$A:$A, (MATCH(65, 輔助計算!$E$2:$E$801, 0)+1))="","",INDEX(ERP資料!$A:$A, (MATCH(65, 輔助計算!$E$2:$E$801, 0)+1))), "") | C66: =IFERROR(IF(INDEX(ERP資料!$S:$S, (MATCH(65, 輔助計算!$E$2:$E$801, 0)+1))="","",INDEX(ERP資料!$S:$S, (MATCH(65, 輔助計算!$E$2:$E$801, 0)+1))), "") | D66: =IFERROR(IF(INDEX(ERP資料!$E:$E, (MATCH(65, 輔助計算!$E$2:$E$801, 0)+1))="","",TRIM(INDEX(ERP資料!$E:$E, (MATCH(65, 輔助計算!$E$2:$E$801, 0)+1)))), "") | E66: =IFERROR(IF(INDEX(ERP資料!$F:$F, (MATCH(65, 輔助計算!$E$2:$E$801, 0)+1))="","",INDEX(ERP資料!$F:$F, (MATCH(65, 輔助計算!$E$2:$E$801, 0)+1))), "") | F66: =IFERROR(IF(INDEX(ERP資料!$G:$G, (MATCH(65, 輔助計算!$E$2:$E$801, 0)+1))="","",INDEX(ERP資料!$G:$G, (MATCH(65, 輔助計算!$E$2:$E$801, 0)+1))), "") | G66: =IFERROR(IF(INDEX(ERP資料!$H:$H, (MATCH(65, 輔助計算!$E$2:$E$801, 0)+1))="","",INDEX(ERP資料!$H:$H, (MATCH(65, 輔助計算!$E$2:$E$801, 0)+1))), "") | H66: =IFERROR(INDEX(輔助計算!$D:$D, (MATCH(65, 輔助計算!$E$2:$E$801, 0)+1)), "") | I66: =IFERROR(IF(INDEX(ERP資料!$O:$O, (MATCH(65, 輔助計算!$E$2:$E$801, 0)+1))="","",INDEX(ERP資料!$O:$O, (MATCH(65, 輔助計算!$E$2:$E$801, 0)+1))), "") | J66: =IFERROR(IF(INDEX(輔助計算!$D:$D,(MATCH(65, 輔助計算!$E$2:$E$801, 0)+1))="","",INDEX(輔助計算!$D:$D,(MATCH(65, 輔助計算!$E$2:$E$801, 0)+1))*INDEX(ERP資料!$O:$O,(MATCH(65, 輔助計算!$E$2:$E$801, 0)+1))), "")
A67: =IFERROR(IF(INDEX(ERP資料!$B:$B, (MATCH(66, 輔助計算!$E$2:$E$801, 0)+1))="","",INDEX(ERP資料!$B:$B, (MATCH(66, 輔助計算!$E$2:$E$801, 0)+1))), "") | B67: =IFERROR(IF(INDEX(ERP資料!$A:$A, (MATCH(66, 輔助計算!$E$2:$E$801, 0)+1))="","",INDEX(ERP資料!$A:$A, (MATCH(66, 輔助計算!$E$2:$E$801, 0)+1))), "") | C67: =IFERROR(IF(INDEX(ERP資料!$S:$S, (MATCH(66, 輔助計算!$E$2:$E$801, 0)+1))="","",INDEX(ERP資料!$S:$S, (MATCH(66, 輔助計算!$E$2:$E$801, 0)+1))), "") | D67: =IFERROR(IF(INDEX(ERP資料!$E:$E, (MATCH(66, 輔助計算!$E$2:$E$801, 0)+1))="","",TRIM(INDEX(ERP資料!$E:$E, (MATCH(66, 輔助計算!$E$2:$E$801, 0)+1)))), "") | E67: =IFERROR(IF(INDEX(ERP資料!$F:$F, (MATCH(66, 輔助計算!$E$2:$E$801, 0)+1))="","",INDEX(ERP資料!$F:$F, (MATCH(66, 輔助計算!$E$2:$E$801, 0)+1))), "") | F67: =IFERROR(IF(INDEX(ERP資料!$G:$G, (MATCH(66, 輔助計算!$E$2:$E$801, 0)+1))="","",INDEX(ERP資料!$G:$G, (MATCH(66, 輔助計算!$E$2:$E$801, 0)+1))), "") | G67: =IFERROR(IF(INDEX(ERP資料!$H:$H, (MATCH(66, 輔助計算!$E$2:$E$801, 0)+1))="","",INDEX(ERP資料!$H:$H, (MATCH(66, 輔助計算!$E$2:$E$801, 0)+1))), "") | H67: =IFERROR(INDEX(輔助計算!$D:$D, (MATCH(66, 輔助計算!$E$2:$E$801, 0)+1)), "") | I67: =IFERROR(IF(INDEX(ERP資料!$O:$O, (MATCH(66, 輔助計算!$E$2:$E$801, 0)+1))="","",INDEX(ERP資料!$O:$O, (MATCH(66, 輔助計算!$E$2:$E$801, 0)+1))), "") | J67: =IFERROR(IF(INDEX(輔助計算!$D:$D,(MATCH(66, 輔助計算!$E$2:$E$801, 0)+1))="","",INDEX(輔助計算!$D:$D,(MATCH(66, 輔助計算!$E$2:$E$801, 0)+1))*INDEX(ERP資料!$O:$O,(MATCH(66, 輔助計算!$E$2:$E$801, 0)+1))), "")
A68: =IFERROR(IF(INDEX(ERP資料!$B:$B, (MATCH(67, 輔助計算!$E$2:$E$801, 0)+1))="","",INDEX(ERP資料!$B:$B, (MATCH(67, 輔助計算!$E$2:$E$801, 0)+1))), "") | B68: =IFERROR(IF(INDEX(ERP資料!$A:$A, (MATCH(67, 輔助計算!$E$2:$E$801, 0)+1))="","",INDEX(ERP資料!$A:$A, (MATCH(67, 輔助計算!$E$2:$E$801, 0)+1))), "") | C68: =IFERROR(IF(INDEX(ERP資料!$S:$S, (MATCH(67, 輔助計算!$E$2:$E$801, 0)+1))="","",INDEX(ERP資料!$S:$S, (MATCH(67, 輔助計算!$E$2:$E$801, 0)+1))), "") | D68: =IFERROR(IF(INDEX(ERP資料!$E:$E, (MATCH(67, 輔助計算!$E$2:$E$801, 0)+1))="","",TRIM(INDEX(ERP資料!$E:$E, (MATCH(67, 輔助計算!$E$2:$E$801, 0)+1)))), "") | E68: =IFERROR(IF(INDEX(ERP資料!$F:$F, (MATCH(67, 輔助計算!$E$2:$E$801, 0)+1))="","",INDEX(ERP資料!$F:$F, (MATCH(67, 輔助計算!$E$2:$E$801, 0)+1))), "") | F68: =IFERROR(IF(INDEX(ERP資料!$G:$G, (MATCH(67, 輔助計算!$E$2:$E$801, 0)+1))="","",INDEX(ERP資料!$G:$G, (MATCH(67, 輔助計算!$E$2:$E$801, 0)+1))), "") | G68: =IFERROR(IF(INDEX(ERP資料!$H:$H, (MATCH(67, 輔助計算!$E$2:$E$801, 0)+1))="","",INDEX(ERP資料!$H:$H, (MATCH(67, 輔助計算!$E$2:$E$801, 0)+1))), "") | H68: =IFERROR(INDEX(輔助計算!$D:$D, (MATCH(67, 輔助計算!$E$2:$E$801, 0)+1)), "") | I68: =IFERROR(IF(INDEX(ERP資料!$O:$O, (MATCH(67, 輔助計算!$E$2:$E$801, 0)+1))="","",INDEX(ERP資料!$O:$O, (MATCH(67, 輔助計算!$E$2:$E$801, 0)+1))), "") | J68: =IFERROR(IF(INDEX(輔助計算!$D:$D,(MATCH(67, 輔助計算!$E$2:$E$801, 0)+1))="","",INDEX(輔助計算!$D:$D,(MATCH(67, 輔助計算!$E$2:$E$801, 0)+1))*INDEX(ERP資料!$O:$O,(MATCH(67, 輔助計算!$E$2:$E$801, 0)+1))), "")
A69: =IFERROR(IF(INDEX(ERP資料!$B:$B, (MATCH(68, 輔助計算!$E$2:$E$801, 0)+1))="","",INDEX(ERP資料!$B:$B, (MATCH(68, 輔助計算!$E$2:$E$801, 0)+1))), "") | B69: =IFERROR(IF(INDEX(ERP資料!$A:$A, (MATCH(68, 輔助計算!$E$2:$E$801, 0)+1))="","",INDEX(ERP資料!$A:$A, (MATCH(68, 輔助計算!$E$2:$E$801, 0)+1))), "") | C69: =IFERROR(IF(INDEX(ERP資料!$S:$S, (MATCH(68, 輔助計算!$E$2:$E$801, 0)+1))="","",INDEX(ERP資料!$S:$S, (MATCH(68, 輔助計算!$E$2:$E$801, 0)+1))), "") | D69: =IFERROR(IF(INDEX(ERP資料!$E:$E, (MATCH(68, 輔助計算!$E$2:$E$801, 0)+1))="","",TRIM(INDEX(ERP資料!$E:$E, (MATCH(68, 輔助計算!$E$2:$E$801, 0)+1)))), "") | E69: =IFERROR(IF(INDEX(ERP資料!$F:$F, (MATCH(68, 輔助計算!$E$2:$E$801, 0)+1))="","",INDEX(ERP資料!$F:$F, (MATCH(68, 輔助計算!$E$2:$E$801, 0)+1))), "") | F69: =IFERROR(IF(INDEX(ERP資料!$G:$G, (MATCH(68, 輔助計算!$E$2:$E$801, 0)+1))="","",INDEX(ERP資料!$G:$G, (MATCH(68, 輔助計算!$E$2:$E$801, 0)+1))), "") | G69: =IFERROR(IF(INDEX(ERP資料!$H:$H, (MATCH(68, 輔助計算!$E$2:$E$801, 0)+1))="","",INDEX(ERP資料!$H:$H, (MATCH(68, 輔助計算!$E$2:$E$801, 0)+1))), "") | H69: =IFERROR(INDEX(輔助計算!$D:$D, (MATCH(68, 輔助計算!$E$2:$E$801, 0)+1)), "") | I69: =IFERROR(IF(INDEX(ERP資料!$O:$O, (MATCH(68, 輔助計算!$E$2:$E$801, 0)+1))="","",INDEX(ERP資料!$O:$O, (MATCH(68, 輔助計算!$E$2:$E$801, 0)+1))), "") | J69: =IFERROR(IF(INDEX(輔助計算!$D:$D,(MATCH(68, 輔助計算!$E$2:$E$801, 0)+1))="","",INDEX(輔助計算!$D:$D,(MATCH(68, 輔助計算!$E$2:$E$801, 0)+1))*INDEX(ERP資料!$O:$O,(MATCH(68, 輔助計算!$E$2:$E$801, 0)+1))), "")
A70: =IFERROR(IF(INDEX(ERP資料!$B:$B, (MATCH(69, 輔助計算!$E$2:$E$801, 0)+1))="","",INDEX(ERP資料!$B:$B, (MATCH(69, 輔助計算!$E$2:$E$801, 0)+1))), "") | B70: =IFERROR(IF(INDEX(ERP資料!$A:$A, (MATCH(69, 輔助計算!$E$2:$E$801, 0)+1))="","",INDEX(ERP資料!$A:$A, (MATCH(69, 輔助計算!$E$2:$E$801, 0)+1))), "") | C70: =IFERROR(IF(INDEX(ERP資料!$S:$S, (MATCH(69, 輔助計算!$E$2:$E$801, 0)+1))="","",INDEX(ERP資料!$S:$S, (MATCH(69, 輔助計算!$E$2:$E$801, 0)+1))), "") | D70: =IFERROR(IF(INDEX(ERP資料!$E:$E, (MATCH(69, 輔助計算!$E$2:$E$801, 0)+1))="","",TRIM(INDEX(ERP資料!$E:$E, (MATCH(69, 輔助計算!$E$2:$E$801, 0)+1)))), "") | E70: =IFERROR(IF(INDEX(ERP資料!$F:$F, (MATCH(69, 輔助計算!$E$2:$E$801, 0)+1))="","",INDEX(ERP資料!$F:$F, (MATCH(69, 輔助計算!$E$2:$E$801, 0)+1))), "") | F70: =IFERROR(IF(INDEX(ERP資料!$G:$G, (MATCH(69, 輔助計算!$E$2:$E$801, 0)+1))="","",INDEX(ERP資料!$G:$G, (MATCH(69, 輔助計算!$E$2:$E$801, 0)+1))), "") | G70: =IFERROR(IF(INDEX(ERP資料!$H:$H, (MATCH(69, 輔助計算!$E$2:$E$801, 0)+1))="","",INDEX(ERP資料!$H:$H, (MATCH(69, 輔助計算!$E$2:$E$801, 0)+1))), "") | H70: =IFERROR(INDEX(輔助計算!$D:$D, (MATCH(69, 輔助計算!$E$2:$E$801, 0)+1)), "") | I70: =IFERROR(IF(INDEX(ERP資料!$O:$O, (MATCH(69, 輔助計算!$E$2:$E$801, 0)+1))="","",INDEX(ERP資料!$O:$O, (MATCH(69, 輔助計算!$E$2:$E$801, 0)+1))), "") | J70: =IFERROR(IF(INDEX(輔助計算!$D:$D,(MATCH(69, 輔助計算!$E$2:$E$801, 0)+1))="","",INDEX(輔助計算!$D:$D,(MATCH(69, 輔助計算!$E$2:$E$801, 0)+1))*INDEX(ERP資料!$O:$O,(MATCH(69, 輔助計算!$E$2:$E$801, 0)+1))), "")
A71: =IFERROR(IF(INDEX(ERP資料!$B:$B, (MATCH(70, 輔助計算!$E$2:$E$801, 0)+1))="","",INDEX(ERP資料!$B:$B, (MATCH(70, 輔助計算!$E$2:$E$801, 0)+1))), "") | B71: =IFERROR(IF(INDEX(ERP資料!$A:$A, (MATCH(70, 輔助計算!$E$2:$E$801, 0)+1))="","",INDEX(ERP資料!$A:$A, (MATCH(70, 輔助計算!$E$2:$E$801, 0)+1))), "") | C71: =IFERROR(IF(INDEX(ERP資料!$S:$S, (MATCH(70, 輔助計算!$E$2:$E$801, 0)+1))="","",INDEX(ERP資料!$S:$S, (MATCH(70, 輔助計算!$E$2:$E$801, 0)+1))), "") | D71: =IFERROR(IF(INDEX(ERP資料!$E:$E, (MATCH(70, 輔助計算!$E$2:$E$801, 0)+1))="","",TRIM(INDEX(ERP資料!$E:$E, (MATCH(70, 輔助計算!$E$2:$E$801, 0)+1)))), "") | E71: =IFERROR(IF(INDEX(ERP資料!$F:$F, (MATCH(70, 輔助計算!$E$2:$E$801, 0)+1))="","",INDEX(ERP資料!$F:$F, (MATCH(70, 輔助計算!$E$2:$E$801, 0)+1))), "") | F71: =IFERROR(IF(INDEX(ERP資料!$G:$G, (MATCH(70, 輔助計算!$E$2:$E$801, 0)+1))="","",INDEX(ERP資料!$G:$G, (MATCH(70, 輔助計算!$E$2:$E$801, 0)+1))), "") | G71: =IFERROR(IF(INDEX(ERP資料!$H:$H, (MATCH(70, 輔助計算!$E$2:$E$801, 0)+1))="","",INDEX(ERP資料!$H:$H, (MATCH(70, 輔助計算!$E$2:$E$801, 0)+1))), "") | H71: =IFERROR(INDEX(輔助計算!$D:$D, (MATCH(70, 輔助計算!$E$2:$E$801, 0)+1)), "") | I71: =IFERROR(IF(INDEX(ERP資料!$O:$O, (MATCH(70, 輔助計算!$E$2:$E$801, 0)+1))="","",INDEX(ERP資料!$O:$O, (MATCH(70, 輔助計算!$E$2:$E$801, 0)+1))), "") | J71: =IFERROR(IF(INDEX(輔助計算!$D:$D,(MATCH(70, 輔助計算!$E$2:$E$801, 0)+1))="","",INDEX(輔助計算!$D:$D,(MATCH(70, 輔助計算!$E$2:$E$801, 0)+1))*INDEX(ERP資料!$O:$O,(MATCH(70, 輔助計算!$E$2:$E$801, 0)+1))), "")
A72: =IFERROR(IF(INDEX(ERP資料!$B:$B, (MATCH(71, 輔助計算!$E$2:$E$801, 0)+1))="","",INDEX(ERP資料!$B:$B, (MATCH(71, 輔助計算!$E$2:$E$801, 0)+1))), "") | B72: =IFERROR(IF(INDEX(ERP資料!$A:$A, (MATCH(71, 輔助計算!$E$2:$E$801, 0)+1))="","",INDEX(ERP資料!$A:$A, (MATCH(71, 輔助計算!$E$2:$E$801, 0)+1))), "") | C72: =IFERROR(IF(INDEX(ERP資料!$S:$S, (MATCH(71, 輔助計算!$E$2:$E$801, 0)+1))="","",INDEX(ERP資料!$S:$S, (MATCH(71, 輔助計算!$E$2:$E$801, 0)+1))), "") | D72: =IFERROR(IF(INDEX(ERP資料!$E:$E, (MATCH(71, 輔助計算!$E$2:$E$801, 0)+1))="","",TRIM(INDEX(ERP資料!$E:$E, (MATCH(71, 輔助計算!$E$2:$E$801, 0)+1)))), "") | E72: =IFERROR(IF(INDEX(ERP資料!$F:$F, (MATCH(71, 輔助計算!$E$2:$E$801, 0)+1))="","",INDEX(ERP資料!$F:$F, (MATCH(71, 輔助計算!$E$2:$E$801, 0)+1))), "") | F72: =IFERROR(IF(INDEX(ERP資料!$G:$G, (MATCH(71, 輔助計算!$E$2:$E$801, 0)+1))="","",INDEX(ERP資料!$G:$G, (MATCH(71, 輔助計算!$E$2:$E$801, 0)+1))), "") | G72: =IFERROR(IF(INDEX(ERP資料!$H:$H, (MATCH(71, 輔助計算!$E$2:$E$801, 0)+1))="","",INDEX(ERP資料!$H:$H, (MATCH(71, 輔助計算!$E$2:$E$801, 0)+1))), "") | H72: =IFERROR(INDEX(輔助計算!$D:$D, (MATCH(71, 輔助計算!$E$2:$E$801, 0)+1)), "") | I72: =IFERROR(IF(INDEX(ERP資料!$O:$O, (MATCH(71, 輔助計算!$E$2:$E$801, 0)+1))="","",INDEX(ERP資料!$O:$O, (MATCH(71, 輔助計算!$E$2:$E$801, 0)+1))), "") | J72: =IFERROR(IF(INDEX(輔助計算!$D:$D,(MATCH(71, 輔助計算!$E$2:$E$801, 0)+1))="","",INDEX(輔助計算!$D:$D,(MATCH(71, 輔助計算!$E$2:$E$801, 0)+1))*INDEX(ERP資料!$O:$O,(MATCH(71, 輔助計算!$E$2:$E$801, 0)+1))), "")
A73: =IFERROR(IF(INDEX(ERP資料!$B:$B, (MATCH(72, 輔助計算!$E$2:$E$801, 0)+1))="","",INDEX(ERP資料!$B:$B, (MATCH(72, 輔助計算!$E$2:$E$801, 0)+1))), "") | B73: =IFERROR(IF(INDEX(ERP資料!$A:$A, (MATCH(72, 輔助計算!$E$2:$E$801, 0)+1))="","",INDEX(ERP資料!$A:$A, (MATCH(72, 輔助計算!$E$2:$E$801, 0)+1))), "") | C73: =IFERROR(IF(INDEX(ERP資料!$S:$S, (MATCH(72, 輔助計算!$E$2:$E$801, 0)+1))="","",INDEX(ERP資料!$S:$S, (MATCH(72, 輔助計算!$E$2:$E$801, 0)+1))), "") | D73: =IFERROR(IF(INDEX(ERP資料!$E:$E, (MATCH(72, 輔助計算!$E$2:$E$801, 0)+1))="","",TRIM(INDEX(ERP資料!$E:$E, (MATCH(72, 輔助計算!$E$2:$E$801, 0)+1)))), "") | E73: =IFERROR(IF(INDEX(ERP資料!$F:$F, (MATCH(72, 輔助計算!$E$2:$E$801, 0)+1))="","",INDEX(ERP資料!$F:$F, (MATCH(72, 輔助計算!$E$2:$E$801, 0)+1))), "") | F73: =IFERROR(IF(INDEX(ERP資料!$G:$G, (MATCH(72, 輔助計算!$E$2:$E$801, 0)+1))="","",INDEX(ERP資料!$G:$G, (MATCH(72, 輔助計算!$E$2:$E$801, 0)+1))), "") | G73: =IFERROR(IF(INDEX(ERP資料!$H:$H, (MATCH(72, 輔助計算!$E$2:$E$801, 0)+1))="","",INDEX(ERP資料!$H:$H, (MATCH(72, 輔助計算!$E$2:$E$801, 0)+1))), "") | H73: =IFERROR(INDEX(輔助計算!$D:$D, (MATCH(72, 輔助計算!$E$2:$E$801, 0)+1)), "") | I73: =IFERROR(IF(INDEX(ERP資料!$O:$O, (MATCH(72, 輔助計算!$E$2:$E$801, 0)+1))="","",INDEX(ERP資料!$O:$O, (MATCH(72, 輔助計算!$E$2:$E$801, 0)+1))), "") | J73: =IFERROR(IF(INDEX(輔助計算!$D:$D,(MATCH(72, 輔助計算!$E$2:$E$801, 0)+1))="","",INDEX(輔助計算!$D:$D,(MATCH(72, 輔助計算!$E$2:$E$801, 0)+1))*INDEX(ERP資料!$O:$O,(MATCH(72, 輔助計算!$E$2:$E$801, 0)+1))), "")
A74: =IFERROR(IF(INDEX(ERP資料!$B:$B, (MATCH(73, 輔助計算!$E$2:$E$801, 0)+1))="","",INDEX(ERP資料!$B:$B, (MATCH(73, 輔助計算!$E$2:$E$801, 0)+1))), "") | B74: =IFERROR(IF(INDEX(ERP資料!$A:$A, (MATCH(73, 輔助計算!$E$2:$E$801, 0)+1))="","",INDEX(ERP資料!$A:$A, (MATCH(73, 輔助計算!$E$2:$E$801, 0)+1))), "") | C74: =IFERROR(IF(INDEX(ERP資料!$S:$S, (MATCH(73, 輔助計算!$E$2:$E$801, 0)+1))="","",INDEX(ERP資料!$S:$S, (MATCH(73, 輔助計算!$E$2:$E$801, 0)+1))), "") | D74: =IFERROR(IF(INDEX(ERP資料!$E:$E, (MATCH(73, 輔助計算!$E$2:$E$801, 0)+1))="","",TRIM(INDEX(ERP資料!$E:$E, (MATCH(73, 輔助計算!$E$2:$E$801, 0)+1)))), "") | E74: =IFERROR(IF(INDEX(ERP資料!$F:$F, (MATCH(73, 輔助計算!$E$2:$E$801, 0)+1))="","",INDEX(ERP資料!$F:$F, (MATCH(73, 輔助計算!$E$2:$E$801, 0)+1))), "") | F74: =IFERROR(IF(INDEX(ERP資料!$G:$G, (MATCH(73, 輔助計算!$E$2:$E$801, 0)+1))="","",INDEX(ERP資料!$G:$G, (MATCH(73, 輔助計算!$E$2:$E$801, 0)+1))), "") | G74: =IFERROR(IF(INDEX(ERP資料!$H:$H, (MATCH(73, 輔助計算!$E$2:$E$801, 0)+1))="","",INDEX(ERP資料!$H:$H, (MATCH(73, 輔助計算!$E$2:$E$801, 0)+1))), "") | H74: =IFERROR(INDEX(輔助計算!$D:$D, (MATCH(73, 輔助計算!$E$2:$E$801, 0)+1)), "") | I74: =IFERROR(IF(INDEX(ERP資料!$O:$O, (MATCH(73, 輔助計算!$E$2:$E$801, 0)+1))="","",INDEX(ERP資料!$O:$O, (MATCH(73, 輔助計算!$E$2:$E$801, 0)+1))), "") | J74: =IFERROR(IF(INDEX(輔助計算!$D:$D,(MATCH(73, 輔助計算!$E$2:$E$801, 0)+1))="","",INDEX(輔助計算!$D:$D,(MATCH(73, 輔助計算!$E$2:$E$801, 0)+1))*INDEX(ERP資料!$O:$O,(MATCH(73, 輔助計算!$E$2:$E$801, 0)+1))), "")
A75: =IFERROR(IF(INDEX(ERP資料!$B:$B, (MATCH(74, 輔助計算!$E$2:$E$801, 0)+1))="","",INDEX(ERP資料!$B:$B, (MATCH(74, 輔助計算!$E$2:$E$801, 0)+1))), "") | B75: =IFERROR(IF(INDEX(ERP資料!$A:$A, (MATCH(74, 輔助計算!$E$2:$E$801, 0)+1))="","",INDEX(ERP資料!$A:$A, (MATCH(74, 輔助計算!$E$2:$E$801, 0)+1))), "") | C75: =IFERROR(IF(INDEX(ERP資料!$S:$S, (MATCH(74, 輔助計算!$E$2:$E$801, 0)+1))="","",INDEX(ERP資料!$S:$S, (MATCH(74, 輔助計算!$E$2:$E$801, 0)+1))), "") | D75: =IFERROR(IF(INDEX(ERP資料!$E:$E, (MATCH(74, 輔助計算!$E$2:$E$801, 0)+1))="","",TRIM(INDEX(ERP資料!$E:$E, (MATCH(74, 輔助計算!$E$2:$E$801, 0)+1)))), "") | E75: =IFERROR(IF(INDEX(ERP資料!$F:$F, (MATCH(74, 輔助計算!$E$2:$E$801, 0)+1))="","",INDEX(ERP資料!$F:$F, (MATCH(74, 輔助計算!$E$2:$E$801, 0)+1))), "") | F75: =IFERROR(IF(INDEX(ERP資料!$G:$G, (MATCH(74, 輔助計算!$E$2:$E$801, 0)+1))="","",INDEX(ERP資料!$G:$G, (MATCH(74, 輔助計算!$E$2:$E$801, 0)+1))), "") | G75: =IFERROR(IF(INDEX(ERP資料!$H:$H, (MATCH(74, 輔助計算!$E$2:$E$801, 0)+1))="","",INDEX(ERP資料!$H:$H, (MATCH(74, 輔助計算!$E$2:$E$801, 0)+1))), "") | H75: =IFERROR(INDEX(輔助計算!$D:$D, (MATCH(74, 輔助計算!$E$2:$E$801, 0)+1)), "") | I75: =IFERROR(IF(INDEX(ERP資料!$O:$O, (MATCH(74, 輔助計算!$E$2:$E$801, 0)+1))="","",INDEX(ERP資料!$O:$O, (MATCH(74, 輔助計算!$E$2:$E$801, 0)+1))), "") | J75: =IFERROR(IF(INDEX(輔助計算!$D:$D,(MATCH(74, 輔助計算!$E$2:$E$801, 0)+1))="","",INDEX(輔助計算!$D:$D,(MATCH(74, 輔助計算!$E$2:$E$801, 0)+1))*INDEX(ERP資料!$O:$O,(MATCH(74, 輔助計算!$E$2:$E$801, 0)+1))), "")
A76: =IFERROR(IF(INDEX(ERP資料!$B:$B, (MATCH(75, 輔助計算!$E$2:$E$801, 0)+1))="","",INDEX(ERP資料!$B:$B, (MATCH(75, 輔助計算!$E$2:$E$801, 0)+1))), "") | B76: =IFERROR(IF(INDEX(ERP資料!$A:$A, (MATCH(75, 輔助計算!$E$2:$E$801, 0)+1))="","",INDEX(ERP資料!$A:$A, (MATCH(75, 輔助計算!$E$2:$E$801, 0)+1))), "") | C76: =IFERROR(IF(INDEX(ERP資料!$S:$S, (MATCH(75, 輔助計算!$E$2:$E$801, 0)+1))="","",INDEX(ERP資料!$S:$S, (MATCH(75, 輔助計算!$E$2:$E$801, 0)+1))), "") | D76: =IFERROR(IF(INDEX(ERP資料!$E:$E, (MATCH(75, 輔助計算!$E$2:$E$801, 0)+1))="","",TRIM(INDEX(ERP資料!$E:$E, (MATCH(75, 輔助計算!$E$2:$E$801, 0)+1)))), "") | E76: =IFERROR(IF(INDEX(ERP資料!$F:$F, (MATCH(75, 輔助計算!$E$2:$E$801, 0)+1))="","",INDEX(ERP資料!$F:$F, (MATCH(75, 輔助計算!$E$2:$E$801, 0)+1))), "") | F76: =IFERROR(IF(INDEX(ERP資料!$G:$G, (MATCH(75, 輔助計算!$E$2:$E$801, 0)+1))="","",INDEX(ERP資料!$G:$G, (MATCH(75, 輔助計算!$E$2:$E$801, 0)+1))), "") | G76: =IFERROR(IF(INDEX(ERP資料!$H:$H, (MATCH(75, 輔助計算!$E$2:$E$801, 0)+1))="","",INDEX(ERP資料!$H:$H, (MATCH(75, 輔助計算!$E$2:$E$801, 0)+1))), "") | H76: =IFERROR(INDEX(輔助計算!$D:$D, (MATCH(75, 輔助計算!$E$2:$E$801, 0)+1)), "") | I76: =IFERROR(IF(INDEX(ERP資料!$O:$O, (MATCH(75, 輔助計算!$E$2:$E$801, 0)+1))="","",INDEX(ERP資料!$O:$O, (MATCH(75, 輔助計算!$E$2:$E$801, 0)+1))), "") | J76: =IFERROR(IF(INDEX(輔助計算!$D:$D,(MATCH(75, 輔助計算!$E$2:$E$801, 0)+1))="","",INDEX(輔助計算!$D:$D,(MATCH(75, 輔助計算!$E$2:$E$801, 0)+1))*INDEX(ERP資料!$O:$O,(MATCH(75, 輔助計算!$E$2:$E$801, 0)+1))), "")
A77: =IFERROR(IF(INDEX(ERP資料!$B:$B, (MATCH(76, 輔助計算!$E$2:$E$801, 0)+1))="","",INDEX(ERP資料!$B:$B, (MATCH(76, 輔助計算!$E$2:$E$801, 0)+1))), "") | B77: =IFERROR(IF(INDEX(ERP資料!$A:$A, (MATCH(76, 輔助計算!$E$2:$E$801, 0)+1))="","",INDEX(ERP資料!$A:$A, (MATCH(76, 輔助計算!$E$2:$E$801, 0)+1))), "") | C77: =IFERROR(IF(INDEX(ERP資料!$S:$S, (MATCH(76, 輔助計算!$E$2:$E$801, 0)+1))="","",INDEX(ERP資料!$S:$S, (MATCH(76, 輔助計算!$E$2:$E$801, 0)+1))), "") | D77: =IFERROR(IF(INDEX(ERP資料!$E:$E, (MATCH(76, 輔助計算!$E$2:$E$801, 0)+1))="","",TRIM(INDEX(ERP資料!$E:$E, (MATCH(76, 輔助計算!$E$2:$E$801, 0)+1)))), "") | E77: =IFERROR(IF(INDEX(ERP資料!$F:$F, (MATCH(76, 輔助計算!$E$2:$E$801, 0)+1))="","",INDEX(ERP資料!$F:$F, (MATCH(76, 輔助計算!$E$2:$E$801, 0)+1))), "") | F77: =IFERROR(IF(INDEX(ERP資料!$G:$G, (MATCH(76, 輔助計算!$E$2:$E$801, 0)+1))="","",INDEX(ERP資料!$G:$G, (MATCH(76, 輔助計算!$E$2:$E$801, 0)+1))), "") | G77: =IFERROR(IF(INDEX(ERP資料!$H:$H, (MATCH(76, 輔助計算!$E$2:$E$801, 0)+1))="","",INDEX(ERP資料!$H:$H, (MATCH(76, 輔助計算!$E$2:$E$801, 0)+1))), "") | H77: =IFERROR(INDEX(輔助計算!$D:$D, (MATCH(76, 輔助計算!$E$2:$E$801, 0)+1)), "") | I77: =IFERROR(IF(INDEX(ERP資料!$O:$O, (MATCH(76, 輔助計算!$E$2:$E$801, 0)+1))="","",INDEX(ERP資料!$O:$O, (MATCH(76, 輔助計算!$E$2:$E$801, 0)+1))), "") | J77: =IFERROR(IF(INDEX(輔助計算!$D:$D,(MATCH(76, 輔助計算!$E$2:$E$801, 0)+1))="","",INDEX(輔助計算!$D:$D,(MATCH(76, 輔助計算!$E$2:$E$801, 0)+1))*INDEX(ERP資料!$O:$O,(MATCH(76, 輔助計算!$E$2:$E$801, 0)+1))), "")
A78: =IFERROR(IF(INDEX(ERP資料!$B:$B, (MATCH(77, 輔助計算!$E$2:$E$801, 0)+1))="","",INDEX(ERP資料!$B:$B, (MATCH(77, 輔助計算!$E$2:$E$801, 0)+1))), "") | B78: =IFERROR(IF(INDEX(ERP資料!$A:$A, (MATCH(77, 輔助計算!$E$2:$E$801, 0)+1))="","",INDEX(ERP資料!$A:$A, (MATCH(77, 輔助計算!$E$2:$E$801, 0)+1))), "") | C78: =IFERROR(IF(INDEX(ERP資料!$S:$S, (MATCH(77, 輔助計算!$E$2:$E$801, 0)+1))="","",INDEX(ERP資料!$S:$S, (MATCH(77, 輔助計算!$E$2:$E$801, 0)+1))), "") | D78: =IFERROR(IF(INDEX(ERP資料!$E:$E, (MATCH(77, 輔助計算!$E$2:$E$801, 0)+1))="","",TRIM(INDEX(ERP資料!$E:$E, (MATCH(77, 輔助計算!$E$2:$E$801, 0)+1)))), "") | E78: =IFERROR(IF(INDEX(ERP資料!$F:$F, (MATCH(77, 輔助計算!$E$2:$E$801, 0)+1))="","",INDEX(ERP資料!$F:$F, (MATCH(77, 輔助計算!$E$2:$E$801, 0)+1))), "") | F78: =IFERROR(IF(INDEX(ERP資料!$G:$G, (MATCH(77, 輔助計算!$E$2:$E$801, 0)+1))="","",INDEX(ERP資料!$G:$G, (MATCH(77, 輔助計算!$E$2:$E$801, 0)+1))), "") | G78: =IFERROR(IF(INDEX(ERP資料!$H:$H, (MATCH(77, 輔助計算!$E$2:$E$801, 0)+1))="","",INDEX(ERP資料!$H:$H, (MATCH(77, 輔助計算!$E$2:$E$801, 0)+1))), "") | H78: =IFERROR(INDEX(輔助計算!$D:$D, (MATCH(77, 輔助計算!$E$2:$E$801, 0)+1)), "") | I78: =IFERROR(IF(INDEX(ERP資料!$O:$O, (MATCH(77, 輔助計算!$E$2:$E$801, 0)+1))="","",INDEX(ERP資料!$O:$O, (MATCH(77, 輔助計算!$E$2:$E$801, 0)+1))), "") | J78: =IFERROR(IF(INDEX(輔助計算!$D:$D,(MATCH(77, 輔助計算!$E$2:$E$801, 0)+1))="","",INDEX(輔助計算!$D:$D,(MATCH(77, 輔助計算!$E$2:$E$801, 0)+1))*INDEX(ERP資料!$O:$O,(MATCH(77, 輔助計算!$E$2:$E$801, 0)+1))), "")
A79: =IFERROR(IF(INDEX(ERP資料!$B:$B, (MATCH(78, 輔助計算!$E$2:$E$801, 0)+1))="","",INDEX(ERP資料!$B:$B, (MATCH(78, 輔助計算!$E$2:$E$801, 0)+1))), "") | B79: =IFERROR(IF(INDEX(ERP資料!$A:$A, (MATCH(78, 輔助計算!$E$2:$E$801, 0)+1))="","",INDEX(ERP資料!$A:$A, (MATCH(78, 輔助計算!$E$2:$E$801, 0)+1))), "") | C79: =IFERROR(IF(INDEX(ERP資料!$S:$S, (MATCH(78, 輔助計算!$E$2:$E$801, 0)+1))="","",INDEX(ERP資料!$S:$S, (MATCH(78, 輔助計算!$E$2:$E$801, 0)+1))), "") | D79: =IFERROR(IF(INDEX(ERP資料!$E:$E, (MATCH(78, 輔助計算!$E$2:$E$801, 0)+1))="","",TRIM(INDEX(ERP資料!$E:$E, (MATCH(78, 輔助計算!$E$2:$E$801, 0)+1)))), "") | E79: =IFERROR(IF(INDEX(ERP資料!$F:$F, (MATCH(78, 輔助計算!$E$2:$E$801, 0)+1))="","",INDEX(ERP資料!$F:$F, (MATCH(78, 輔助計算!$E$2:$E$801, 0)+1))), "") | F79: =IFERROR(IF(INDEX(ERP資料!$G:$G, (MATCH(78, 輔助計算!$E$2:$E$801, 0)+1))="","",INDEX(ERP資料!$G:$G, (MATCH(78, 輔助計算!$E$2:$E$801, 0)+1))), "") | G79: =IFERROR(IF(INDEX(ERP資料!$H:$H, (MATCH(78, 輔助計算!$E$2:$E$801, 0)+1))="","",INDEX(ERP資料!$H:$H, (MATCH(78, 輔助計算!$E$2:$E$801, 0)+1))), "") | H79: =IFERROR(INDEX(輔助計算!$D:$D, (MATCH(78, 輔助計算!$E$2:$E$801, 0)+1)), "") | I79: =IFERROR(IF(INDEX(ERP資料!$O:$O, (MATCH(78, 輔助計算!$E$2:$E$801, 0)+1))="","",INDEX(ERP資料!$O:$O, (MATCH(78, 輔助計算!$E$2:$E$801, 0)+1))), "") | J79: =IFERROR(IF(INDEX(輔助計算!$D:$D,(MATCH(78, 輔助計算!$E$2:$E$801, 0)+1))="","",INDEX(輔助計算!$D:$D,(MATCH(78, 輔助計算!$E$2:$E$801, 0)+1))*INDEX(ERP資料!$O:$O,(MATCH(78, 輔助計算!$E$2:$E$801, 0)+1))), "")
A80: =IFERROR(IF(INDEX(ERP資料!$B:$B, (MATCH(79, 輔助計算!$E$2:$E$801, 0)+1))="","",INDEX(ERP資料!$B:$B, (MATCH(79, 輔助計算!$E$2:$E$801, 0)+1))), "") | B80: =IFERROR(IF(INDEX(ERP資料!$A:$A, (MATCH(79, 輔助計算!$E$2:$E$801, 0)+1))="","",INDEX(ERP資料!$A:$A, (MATCH(79, 輔助計算!$E$2:$E$801, 0)+1))), "") | C80: =IFERROR(IF(INDEX(ERP資料!$S:$S, (MATCH(79, 輔助計算!$E$2:$E$801, 0)+1))="","",INDEX(ERP資料!$S:$S, (MATCH(79, 輔助計算!$E$2:$E$801, 0)+1))), "") | D80: =IFERROR(IF(INDEX(ERP資料!$E:$E, (MATCH(79, 輔助計算!$E$2:$E$801, 0)+1))="","",TRIM(INDEX(ERP資料!$E:$E, (MATCH(79, 輔助計算!$E$2:$E$801, 0)+1)))), "") | E80: =IFERROR(IF(INDEX(ERP資料!$F:$F, (MATCH(79, 輔助計算!$E$2:$E$801, 0)+1))="","",INDEX(ERP資料!$F:$F, (MATCH(79, 輔助計算!$E$2:$E$801, 0)+1))), "") | F80: =IFERROR(IF(INDEX(ERP資料!$G:$G, (MATCH(79, 輔助計算!$E$2:$E$801, 0)+1))="","",INDEX(ERP資料!$G:$G, (MATCH(79, 輔助計算!$E$2:$E$801, 0)+1))), "") | G80: =IFERROR(IF(INDEX(ERP資料!$H:$H, (MATCH(79, 輔助計算!$E$2:$E$801, 0)+1))="","",INDEX(ERP資料!$H:$H, (MATCH(79, 輔助計算!$E$2:$E$801, 0)+1))), "") | H80: =IFERROR(INDEX(輔助計算!$D:$D, (MATCH(79, 輔助計算!$E$2:$E$801, 0)+1)), "") | I80: =IFERROR(IF(INDEX(ERP資料!$O:$O, (MATCH(79, 輔助計算!$E$2:$E$801, 0)+1))="","",INDEX(ERP資料!$O:$O, (MATCH(79, 輔助計算!$E$2:$E$801, 0)+1))), "") | J80: =IFERROR(IF(INDEX(輔助計算!$D:$D,(MATCH(79, 輔助計算!$E$2:$E$801, 0)+1))="","",INDEX(輔助計算!$D:$D,(MATCH(79, 輔助計算!$E$2:$E$801, 0)+1))*INDEX(ERP資料!$O:$O,(MATCH(79, 輔助計算!$E$2:$E$801, 0)+1))), "")
A81: =IFERROR(IF(INDEX(ERP資料!$B:$B, (MATCH(80, 輔助計算!$E$2:$E$801, 0)+1))="","",INDEX(ERP資料!$B:$B, (MATCH(80, 輔助計算!$E$2:$E$801, 0)+1))), "") | B81: =IFERROR(IF(INDEX(ERP資料!$A:$A, (MATCH(80, 輔助計算!$E$2:$E$801, 0)+1))="","",INDEX(ERP資料!$A:$A, (MATCH(80, 輔助計算!$E$2:$E$801, 0)+1))), "") | C81: =IFERROR(IF(INDEX(ERP資料!$S:$S, (MATCH(80, 輔助計算!$E$2:$E$801, 0)+1))="","",INDEX(ERP資料!$S:$S, (MATCH(80, 輔助計算!$E$2:$E$801, 0)+1))), "") | D81: =IFERROR(IF(INDEX(ERP資料!$E:$E, (MATCH(80, 輔助計算!$E$2:$E$801, 0)+1))="","",TRIM(INDEX(ERP資料!$E:$E, (MATCH(80, 輔助計算!$E$2:$E$801, 0)+1)))), "") | E81: =IFERROR(IF(INDEX(ERP資料!$F:$F, (MATCH(80, 輔助計算!$E$2:$E$801, 0)+1))="","",INDEX(ERP資料!$F:$F, (MATCH(80, 輔助計算!$E$2:$E$801, 0)+1))), "") | F81: =IFERROR(IF(INDEX(ERP資料!$G:$G, (MATCH(80, 輔助計算!$E$2:$E$801, 0)+1))="","",INDEX(ERP資料!$G:$G, (MATCH(80, 輔助計算!$E$2:$E$801, 0)+1))), "") | G81: =IFERROR(IF(INDEX(ERP資料!$H:$H, (MATCH(80, 輔助計算!$E$2:$E$801, 0)+1))="","",INDEX(ERP資料!$H:$H, (MATCH(80, 輔助計算!$E$2:$E$801, 0)+1))), "") | H81: =IFERROR(INDEX(輔助計算!$D:$D, (MATCH(80, 輔助計算!$E$2:$E$801, 0)+1)), "") | I81: =IFERROR(IF(INDEX(ERP資料!$O:$O, (MATCH(80, 輔助計算!$E$2:$E$801, 0)+1))="","",INDEX(ERP資料!$O:$O, (MATCH(80, 輔助計算!$E$2:$E$801, 0)+1))), "") | J81: =IFERROR(IF(INDEX(輔助計算!$D:$D,(MATCH(80, 輔助計算!$E$2:$E$801, 0)+1))="","",INDEX(輔助計算!$D:$D,(MATCH(80, 輔助計算!$E$2:$E$801, 0)+1))*INDEX(ERP資料!$O:$O,(MATCH(80, 輔助計算!$E$2:$E$801, 0)+1))), "")
A82: =IFERROR(IF(INDEX(ERP資料!$B:$B, (MATCH(81, 輔助計算!$E$2:$E$801, 0)+1))="","",INDEX(ERP資料!$B:$B, (MATCH(81, 輔助計算!$E$2:$E$801, 0)+1))), "") | B82: =IFERROR(IF(INDEX(ERP資料!$A:$A, (MATCH(81, 輔助計算!$E$2:$E$801, 0)+1))="","",INDEX(ERP資料!$A:$A, (MATCH(81, 輔助計算!$E$2:$E$801, 0)+1))), "") | C82: =IFERROR(IF(INDEX(ERP資料!$S:$S, (MATCH(81, 輔助計算!$E$2:$E$801, 0)+1))="","",INDEX(ERP資料!$S:$S, (MATCH(81, 輔助計算!$E$2:$E$801, 0)+1))), "") | D82: =IFERROR(IF(INDEX(ERP資料!$E:$E, (MATCH(81, 輔助計算!$E$2:$E$801, 0)+1))="","",TRIM(INDEX(ERP資料!$E:$E, (MATCH(81, 輔助計算!$E$2:$E$801, 0)+1)))), "") | E82: =IFERROR(IF(INDEX(ERP資料!$F:$F, (MATCH(81, 輔助計算!$E$2:$E$801, 0)+1))="","",INDEX(ERP資料!$F:$F, (MATCH(81, 輔助計算!$E$2:$E$801, 0)+1))), "") | F82: =IFERROR(IF(INDEX(ERP資料!$G:$G, (MATCH(81, 輔助計算!$E$2:$E$801, 0)+1))="","",INDEX(ERP資料!$G:$G, (MATCH(81, 輔助計算!$E$2:$E$801, 0)+1))), "") | G82: =IFERROR(IF(INDEX(ERP資料!$H:$H, (MATCH(81, 輔助計算!$E$2:$E$801, 0)+1))="","",INDEX(ERP資料!$H:$H, (MATCH(81, 輔助計算!$E$2:$E$801, 0)+1))), "") | H82: =IFERROR(INDEX(輔助計算!$D:$D, (MATCH(81, 輔助計算!$E$2:$E$801, 0)+1)), "") | I82: =IFERROR(IF(INDEX(ERP資料!$O:$O, (MATCH(81, 輔助計算!$E$2:$E$801, 0)+1))="","",INDEX(ERP資料!$O:$O, (MATCH(81, 輔助計算!$E$2:$E$801, 0)+1))), "") | J82: =IFERROR(IF(INDEX(輔助計算!$D:$D,(MATCH(81, 輔助計算!$E$2:$E$801, 0)+1))="","",INDEX(輔助計算!$D:$D,(MATCH(81, 輔助計算!$E$2:$E$801, 0)+1))*INDEX(ERP資料!$O:$O,(MATCH(81, 輔助計算!$E$2:$E$801, 0)+1))), "")
A83: =IFERROR(IF(INDEX(ERP資料!$B:$B, (MATCH(82, 輔助計算!$E$2:$E$801, 0)+1))="","",INDEX(ERP資料!$B:$B, (MATCH(82, 輔助計算!$E$2:$E$801, 0)+1))), "") | B83: =IFERROR(IF(INDEX(ERP資料!$A:$A, (MATCH(82, 輔助計算!$E$2:$E$801, 0)+1))="","",INDEX(ERP資料!$A:$A, (MATCH(82, 輔助計算!$E$2:$E$801, 0)+1))), "") | C83: =IFERROR(IF(INDEX(ERP資料!$S:$S, (MATCH(82, 輔助計算!$E$2:$E$801, 0)+1))="","",INDEX(ERP資料!$S:$S, (MATCH(82, 輔助計算!$E$2:$E$801, 0)+1))), "") | D83: =IFERROR(IF(INDEX(ERP資料!$E:$E, (MATCH(82, 輔助計算!$E$2:$E$801, 0)+1))="","",TRIM(INDEX(ERP資料!$E:$E, (MATCH(82, 輔助計算!$E$2:$E$801, 0)+1)))), "") | E83: =IFERROR(IF(INDEX(ERP資料!$F:$F, (MATCH(82, 輔助計算!$E$2:$E$801, 0)+1))="","",INDEX(ERP資料!$F:$F, (MATCH(82, 輔助計算!$E$2:$E$801, 0)+1))), "") | F83: =IFERROR(IF(INDEX(ERP資料!$G:$G, (MATCH(82, 輔助計算!$E$2:$E$801, 0)+1))="","",INDEX(ERP資料!$G:$G, (MATCH(82, 輔助計算!$E$2:$E$801, 0)+1))), "") | G83: =IFERROR(IF(INDEX(ERP資料!$H:$H, (MATCH(82, 輔助計算!$E$2:$E$801, 0)+1))="","",INDEX(ERP資料!$H:$H, (MATCH(82, 輔助計算!$E$2:$E$801, 0)+1))), "") | H83: =IFERROR(INDEX(輔助計算!$D:$D, (MATCH(82, 輔助計算!$E$2:$E$801, 0)+1)), "") | I83: =IFERROR(IF(INDEX(ERP資料!$O:$O, (MATCH(82, 輔助計算!$E$2:$E$801, 0)+1))="","",INDEX(ERP資料!$O:$O, (MATCH(82, 輔助計算!$E$2:$E$801, 0)+1))), "") | J83: =IFERROR(IF(INDEX(輔助計算!$D:$D,(MATCH(82, 輔助計算!$E$2:$E$801, 0)+1))="","",INDEX(輔助計算!$D:$D,(MATCH(82, 輔助計算!$E$2:$E$801, 0)+1))*INDEX(ERP資料!$O:$O,(MATCH(82, 輔助計算!$E$2:$E$801, 0)+1))), "")
A84: =IFERROR(IF(INDEX(ERP資料!$B:$B, (MATCH(83, 輔助計算!$E$2:$E$801, 0)+1))="","",INDEX(ERP資料!$B:$B, (MATCH(83, 輔助計算!$E$2:$E$801, 0)+1))), "") | B84: =IFERROR(IF(INDEX(ERP資料!$A:$A, (MATCH(83, 輔助計算!$E$2:$E$801, 0)+1))="","",INDEX(ERP資料!$A:$A, (MATCH(83, 輔助計算!$E$2:$E$801, 0)+1))), "") | C84: =IFERROR(IF(INDEX(ERP資料!$S:$S, (MATCH(83, 輔助計算!$E$2:$E$801, 0)+1))="","",INDEX(ERP資料!$S:$S, (MATCH(83, 輔助計算!$E$2:$E$801, 0)+1))), "") | D84: =IFERROR(IF(INDEX(ERP資料!$E:$E, (MATCH(83, 輔助計算!$E$2:$E$801, 0)+1))="","",TRIM(INDEX(ERP資料!$E:$E, (MATCH(83, 輔助計算!$E$2:$E$801, 0)+1)))), "") | E84: =IFERROR(IF(INDEX(ERP資料!$F:$F, (MATCH(83, 輔助計算!$E$2:$E$801, 0)+1))="","",INDEX(ERP資料!$F:$F, (MATCH(83, 輔助計算!$E$2:$E$801, 0)+1))), "") | F84: =IFERROR(IF(INDEX(ERP資料!$G:$G, (MATCH(83, 輔助計算!$E$2:$E$801, 0)+1))="","",INDEX(ERP資料!$G:$G, (MATCH(83, 輔助計算!$E$2:$E$801, 0)+1))), "") | G84: =IFERROR(IF(INDEX(ERP資料!$H:$H, (MATCH(83, 輔助計算!$E$2:$E$801, 0)+1))="","",INDEX(ERP資料!$H:$H, (MATCH(83, 輔助計算!$E$2:$E$801, 0)+1))), "") | H84: =IFERROR(INDEX(輔助計算!$D:$D, (MATCH(83, 輔助計算!$E$2:$E$801, 0)+1)), "") | I84: =IFERROR(IF(INDEX(ERP資料!$O:$O, (MATCH(83, 輔助計算!$E$2:$E$801, 0)+1))="","",INDEX(ERP資料!$O:$O, (MATCH(83, 輔助計算!$E$2:$E$801, 0)+1))), "") | J84: =IFERROR(IF(INDEX(輔助計算!$D:$D,(MATCH(83, 輔助計算!$E$2:$E$801, 0)+1))="","",INDEX(輔助計算!$D:$D,(MATCH(83, 輔助計算!$E$2:$E$801, 0)+1))*INDEX(ERP資料!$O:$O,(MATCH(83, 輔助計算!$E$2:$E$801, 0)+1))), "")
A85: =IFERROR(IF(INDEX(ERP資料!$B:$B, (MATCH(84, 輔助計算!$E$2:$E$801, 0)+1))="","",INDEX(ERP資料!$B:$B, (MATCH(84, 輔助計算!$E$2:$E$801, 0)+1))), "") | B85: =IFERROR(IF(INDEX(ERP資料!$A:$A, (MATCH(84, 輔助計算!$E$2:$E$801, 0)+1))="","",INDEX(ERP資料!$A:$A, (MATCH(84, 輔助計算!$E$2:$E$801, 0)+1))), "") | C85: =IFERROR(IF(INDEX(ERP資料!$S:$S, (MATCH(84, 輔助計算!$E$2:$E$801, 0)+1))="","",INDEX(ERP資料!$S:$S, (MATCH(84, 輔助計算!$E$2:$E$801, 0)+1))), "") | D85: =IFERROR(IF(INDEX(ERP資料!$E:$E, (MATCH(84, 輔助計算!$E$2:$E$801, 0)+1))="","",TRIM(INDEX(ERP資料!$E:$E, (MATCH(84, 輔助計算!$E$2:$E$801, 0)+1)))), "") | E85: =IFERROR(IF(INDEX(ERP資料!$F:$F, (MATCH(84, 輔助計算!$E$2:$E$801, 0)+1))="","",INDEX(ERP資料!$F:$F, (MATCH(84, 輔助計算!$E$2:$E$801, 0)+1))), "") | F85: =IFERROR(IF(INDEX(ERP資料!$G:$G, (MATCH(84, 輔助計算!$E$2:$E$801, 0)+1))="","",INDEX(ERP資料!$G:$G, (MATCH(84, 輔助計算!$E$2:$E$801, 0)+1))), "") | G85: =IFERROR(IF(INDEX(ERP資料!$H:$H, (MATCH(84, 輔助計算!$E$2:$E$801, 0)+1))="","",INDEX(ERP資料!$H:$H, (MATCH(84, 輔助計算!$E$2:$E$801, 0)+1))), "") | H85: =IFERROR(INDEX(輔助計算!$D:$D, (MATCH(84, 輔助計算!$E$2:$E$801, 0)+1)), "") | I85: =IFERROR(IF(INDEX(ERP資料!$O:$O, (MATCH(84, 輔助計算!$E$2:$E$801, 0)+1))="","",INDEX(ERP資料!$O:$O, (MATCH(84, 輔助計算!$E$2:$E$801, 0)+1))), "") | J85: =IFERROR(IF(INDEX(輔助計算!$D:$D,(MATCH(84, 輔助計算!$E$2:$E$801, 0)+1))="","",INDEX(輔助計算!$D:$D,(MATCH(84, 輔助計算!$E$2:$E$801, 0)+1))*INDEX(ERP資料!$O:$O,(MATCH(84, 輔助計算!$E$2:$E$801, 0)+1))), "")
A86: =IFERROR(IF(INDEX(ERP資料!$B:$B, (MATCH(85, 輔助計算!$E$2:$E$801, 0)+1))="","",INDEX(ERP資料!$B:$B, (MATCH(85, 輔助計算!$E$2:$E$801, 0)+1))), "") | B86: =IFERROR(IF(INDEX(ERP資料!$A:$A, (MATCH(85, 輔助計算!$E$2:$E$801, 0)+1))="","",INDEX(ERP資料!$A:$A, (MATCH(85, 輔助計算!$E$2:$E$801, 0)+1))), "") | C86: =IFERROR(IF(INDEX(ERP資料!$S:$S, (MATCH(85, 輔助計算!$E$2:$E$801, 0)+1))="","",INDEX(ERP資料!$S:$S, (MATCH(85, 輔助計算!$E$2:$E$801, 0)+1))), "") | D86: =IFERROR(IF(INDEX(ERP資料!$E:$E, (MATCH(85, 輔助計算!$E$2:$E$801, 0)+1))="","",TRIM(INDEX(ERP資料!$E:$E, (MATCH(85, 輔助計算!$E$2:$E$801, 0)+1)))), "") | E86: =IFERROR(IF(INDEX(ERP資料!$F:$F, (MATCH(85, 輔助計算!$E$2:$E$801, 0)+1))="","",INDEX(ERP資料!$F:$F, (MATCH(85, 輔助計算!$E$2:$E$801, 0)+1))), "") | F86: =IFERROR(IF(INDEX(ERP資料!$G:$G, (MATCH(85, 輔助計算!$E$2:$E$801, 0)+1))="","",INDEX(ERP資料!$G:$G, (MATCH(85, 輔助計算!$E$2:$E$801, 0)+1))), "") | G86: =IFERROR(IF(INDEX(ERP資料!$H:$H, (MATCH(85, 輔助計算!$E$2:$E$801, 0)+1))="","",INDEX(ERP資料!$H:$H, (MATCH(85, 輔助計算!$E$2:$E$801, 0)+1))), "") | H86: =IFERROR(INDEX(輔助計算!$D:$D, (MATCH(85, 輔助計算!$E$2:$E$801, 0)+1)), "") | I86: =IFERROR(IF(INDEX(ERP資料!$O:$O, (MATCH(85, 輔助計算!$E$2:$E$801, 0)+1))="","",INDEX(ERP資料!$O:$O, (MATCH(85, 輔助計算!$E$2:$E$801, 0)+1))), "") | J86: =IFERROR(IF(INDEX(輔助計算!$D:$D,(MATCH(85, 輔助計算!$E$2:$E$801, 0)+1))="","",INDEX(輔助計算!$D:$D,(MATCH(85, 輔助計算!$E$2:$E$801, 0)+1))*INDEX(ERP資料!$O:$O,(MATCH(85, 輔助計算!$E$2:$E$801, 0)+1))), "")
A87: =IFERROR(IF(INDEX(ERP資料!$B:$B, (MATCH(86, 輔助計算!$E$2:$E$801, 0)+1))="","",INDEX(ERP資料!$B:$B, (MATCH(86, 輔助計算!$E$2:$E$801, 0)+1))), "") | B87: =IFERROR(IF(INDEX(ERP資料!$A:$A, (MATCH(86, 輔助計算!$E$2:$E$801, 0)+1))="","",INDEX(ERP資料!$A:$A, (MATCH(86, 輔助計算!$E$2:$E$801, 0)+1))), "") | C87: =IFERROR(IF(INDEX(ERP資料!$S:$S, (MATCH(86, 輔助計算!$E$2:$E$801, 0)+1))="","",INDEX(ERP資料!$S:$S, (MATCH(86, 輔助計算!$E$2:$E$801, 0)+1))), "") | D87: =IFERROR(IF(INDEX(ERP資料!$E:$E, (MATCH(86, 輔助計算!$E$2:$E$801, 0)+1))="","",TRIM(INDEX(ERP資料!$E:$E, (MATCH(86, 輔助計算!$E$2:$E$801, 0)+1)))), "") | E87: =IFERROR(IF(INDEX(ERP資料!$F:$F, (MATCH(86, 輔助計算!$E$2:$E$801, 0)+1))="","",INDEX(ERP資料!$F:$F, (MATCH(86, 輔助計算!$E$2:$E$801, 0)+1))), "") | F87: =IFERROR(IF(INDEX(ERP資料!$G:$G, (MATCH(86, 輔助計算!$E$2:$E$801, 0)+1))="","",INDEX(ERP資料!$G:$G, (MATCH(86, 輔助計算!$E$2:$E$801, 0)+1))), "") | G87: =IFERROR(IF(INDEX(ERP資料!$H:$H, (MATCH(86, 輔助計算!$E$2:$E$801, 0)+1))="","",INDEX(ERP資料!$H:$H, (MATCH(86, 輔助計算!$E$2:$E$801, 0)+1))), "") | H87: =IFERROR(INDEX(輔助計算!$D:$D, (MATCH(86, 輔助計算!$E$2:$E$801, 0)+1)), "") | I87: =IFERROR(IF(INDEX(ERP資料!$O:$O, (MATCH(86, 輔助計算!$E$2:$E$801, 0)+1))="","",INDEX(ERP資料!$O:$O, (MATCH(86, 輔助計算!$E$2:$E$801, 0)+1))), "") | J87: =IFERROR(IF(INDEX(輔助計算!$D:$D,(MATCH(86, 輔助計算!$E$2:$E$801, 0)+1))="","",INDEX(輔助計算!$D:$D,(MATCH(86, 輔助計算!$E$2:$E$801, 0)+1))*INDEX(ERP資料!$O:$O,(MATCH(86, 輔助計算!$E$2:$E$801, 0)+1))), "")
A88: =IFERROR(IF(INDEX(ERP資料!$B:$B, (MATCH(87, 輔助計算!$E$2:$E$801, 0)+1))="","",INDEX(ERP資料!$B:$B, (MATCH(87, 輔助計算!$E$2:$E$801, 0)+1))), "") | B88: =IFERROR(IF(INDEX(ERP資料!$A:$A, (MATCH(87, 輔助計算!$E$2:$E$801, 0)+1))="","",INDEX(ERP資料!$A:$A, (MATCH(87, 輔助計算!$E$2:$E$801, 0)+1))), "") | C88: =IFERROR(IF(INDEX(ERP資料!$S:$S, (MATCH(87, 輔助計算!$E$2:$E$801, 0)+1))="","",INDEX(ERP資料!$S:$S, (MATCH(87, 輔助計算!$E$2:$E$801, 0)+1))), "") | D88: =IFERROR(IF(INDEX(ERP資料!$E:$E, (MATCH(87, 輔助計算!$E$2:$E$801, 0)+1))="","",TRIM(INDEX(ERP資料!$E:$E, (MATCH(87, 輔助計算!$E$2:$E$801, 0)+1)))), "") | E88: =IFERROR(IF(INDEX(ERP資料!$F:$F, (MATCH(87, 輔助計算!$E$2:$E$801, 0)+1))="","",INDEX(ERP資料!$F:$F, (MATCH(87, 輔助計算!$E$2:$E$801, 0)+1))), "") | F88: =IFERROR(IF(INDEX(ERP資料!$G:$G, (MATCH(87, 輔助計算!$E$2:$E$801, 0)+1))="","",INDEX(ERP資料!$G:$G, (MATCH(87, 輔助計算!$E$2:$E$801, 0)+1))), "") | G88: =IFERROR(IF(INDEX(ERP資料!$H:$H, (MATCH(87, 輔助計算!$E$2:$E$801, 0)+1))="","",INDEX(ERP資料!$H:$H, (MATCH(87, 輔助計算!$E$2:$E$801, 0)+1))), "") | H88: =IFERROR(INDEX(輔助計算!$D:$D, (MATCH(87, 輔助計算!$E$2:$E$801, 0)+1)), "") | I88: =IFERROR(IF(INDEX(ERP資料!$O:$O, (MATCH(87, 輔助計算!$E$2:$E$801, 0)+1))="","",INDEX(ERP資料!$O:$O, (MATCH(87, 輔助計算!$E$2:$E$801, 0)+1))), "") | J88: =IFERROR(IF(INDEX(輔助計算!$D:$D,(MATCH(87, 輔助計算!$E$2:$E$801, 0)+1))="","",INDEX(輔助計算!$D:$D,(MATCH(87, 輔助計算!$E$2:$E$801, 0)+1))*INDEX(ERP資料!$O:$O,(MATCH(87, 輔助計算!$E$2:$E$801, 0)+1))), "")
A89: =IFERROR(IF(INDEX(ERP資料!$B:$B, (MATCH(88, 輔助計算!$E$2:$E$801, 0)+1))="","",INDEX(ERP資料!$B:$B, (MATCH(88, 輔助計算!$E$2:$E$801, 0)+1))), "") | B89: =IFERROR(IF(INDEX(ERP資料!$A:$A, (MATCH(88, 輔助計算!$E$2:$E$801, 0)+1))="","",INDEX(ERP資料!$A:$A, (MATCH(88, 輔助計算!$E$2:$E$801, 0)+1))), "") | C89: =IFERROR(IF(INDEX(ERP資料!$S:$S, (MATCH(88, 輔助計算!$E$2:$E$801, 0)+1))="","",INDEX(ERP資料!$S:$S, (MATCH(88, 輔助計算!$E$2:$E$801, 0)+1))), "") | D89: =IFERROR(IF(INDEX(ERP資料!$E:$E, (MATCH(88, 輔助計算!$E$2:$E$801, 0)+1))="","",TRIM(INDEX(ERP資料!$E:$E, (MATCH(88, 輔助計算!$E$2:$E$801, 0)+1)))), "") | E89: =IFERROR(IF(INDEX(ERP資料!$F:$F, (MATCH(88, 輔助計算!$E$2:$E$801, 0)+1))="","",INDEX(ERP資料!$F:$F, (MATCH(88, 輔助計算!$E$2:$E$801, 0)+1))), "") | F89: =IFERROR(IF(INDEX(ERP資料!$G:$G, (MATCH(88, 輔助計算!$E$2:$E$801, 0)+1))="","",INDEX(ERP資料!$G:$G, (MATCH(88, 輔助計算!$E$2:$E$801, 0)+1))), "") | G89: =IFERROR(IF(INDEX(ERP資料!$H:$H, (MATCH(88, 輔助計算!$E$2:$E$801, 0)+1))="","",INDEX(ERP資料!$H:$H, (MATCH(88, 輔助計算!$E$2:$E$801, 0)+1))), "") | H89: =IFERROR(INDEX(輔助計算!$D:$D, (MATCH(88, 輔助計算!$E$2:$E$801, 0)+1)), "") | I89: =IFERROR(IF(INDEX(ERP資料!$O:$O, (MATCH(88, 輔助計算!$E$2:$E$801, 0)+1))="","",INDEX(ERP資料!$O:$O, (MATCH(88, 輔助計算!$E$2:$E$801, 0)+1))), "") | J89: =IFERROR(IF(INDEX(輔助計算!$D:$D,(MATCH(88, 輔助計算!$E$2:$E$801, 0)+1))="","",INDEX(輔助計算!$D:$D,(MATCH(88, 輔助計算!$E$2:$E$801, 0)+1))*INDEX(ERP資料!$O:$O,(MATCH(88, 輔助計算!$E$2:$E$801, 0)+1))), "")
A90: =IFERROR(IF(INDEX(ERP資料!$B:$B, (MATCH(89, 輔助計算!$E$2:$E$801, 0)+1))="","",INDEX(ERP資料!$B:$B, (MATCH(89, 輔助計算!$E$2:$E$801, 0)+1))), "") | B90: =IFERROR(IF(INDEX(ERP資料!$A:$A, (MATCH(89, 輔助計算!$E$2:$E$801, 0)+1))="","",INDEX(ERP資料!$A:$A, (MATCH(89, 輔助計算!$E$2:$E$801, 0)+1))), "") | C90: =IFERROR(IF(INDEX(ERP資料!$S:$S, (MATCH(89, 輔助計算!$E$2:$E$801, 0)+1))="","",INDEX(ERP資料!$S:$S, (MATCH(89, 輔助計算!$E$2:$E$801, 0)+1))), "") | D90: =IFERROR(IF(INDEX(ERP資料!$E:$E, (MATCH(89, 輔助計算!$E$2:$E$801, 0)+1))="","",TRIM(INDEX(ERP資料!$E:$E, (MATCH(89, 輔助計算!$E$2:$E$801, 0)+1)))), "") | E90: =IFERROR(IF(INDEX(ERP資料!$F:$F, (MATCH(89, 輔助計算!$E$2:$E$801, 0)+1))="","",INDEX(ERP資料!$F:$F, (MATCH(89, 輔助計算!$E$2:$E$801, 0)+1))), "") | F90: =IFERROR(IF(INDEX(ERP資料!$G:$G, (MATCH(89, 輔助計算!$E$2:$E$801, 0)+1))="","",INDEX(ERP資料!$G:$G, (MATCH(89, 輔助計算!$E$2:$E$801, 0)+1))), "") | G90: =IFERROR(IF(INDEX(ERP資料!$H:$H, (MATCH(89, 輔助計算!$E$2:$E$801, 0)+1))="","",INDEX(ERP資料!$H:$H, (MATCH(89, 輔助計算!$E$2:$E$801, 0)+1))), "") | H90: =IFERROR(INDEX(輔助計算!$D:$D, (MATCH(89, 輔助計算!$E$2:$E$801, 0)+1)), "") | I90: =IFERROR(IF(INDEX(ERP資料!$O:$O, (MATCH(89, 輔助計算!$E$2:$E$801, 0)+1))="","",INDEX(ERP資料!$O:$O, (MATCH(89, 輔助計算!$E$2:$E$801, 0)+1))), "") | J90: =IFERROR(IF(INDEX(輔助計算!$D:$D,(MATCH(89, 輔助計算!$E$2:$E$801, 0)+1))="","",INDEX(輔助計算!$D:$D,(MATCH(89, 輔助計算!$E$2:$E$801, 0)+1))*INDEX(ERP資料!$O:$O,(MATCH(89, 輔助計算!$E$2:$E$801, 0)+1))), "")
A91: =IFERROR(IF(INDEX(ERP資料!$B:$B, (MATCH(90, 輔助計算!$E$2:$E$801, 0)+1))="","",INDEX(ERP資料!$B:$B, (MATCH(90, 輔助計算!$E$2:$E$801, 0)+1))), "") | B91: =IFERROR(IF(INDEX(ERP資料!$A:$A, (MATCH(90, 輔助計算!$E$2:$E$801, 0)+1))="","",INDEX(ERP資料!$A:$A, (MATCH(90, 輔助計算!$E$2:$E$801, 0)+1))), "") | C91: =IFERROR(IF(INDEX(ERP資料!$S:$S, (MATCH(90, 輔助計算!$E$2:$E$801, 0)+1))="","",INDEX(ERP資料!$S:$S, (MATCH(90, 輔助計算!$E$2:$E$801, 0)+1))), "") | D91: =IFERROR(IF(INDEX(ERP資料!$E:$E, (MATCH(90, 輔助計算!$E$2:$E$801, 0)+1))="","",TRIM(INDEX(ERP資料!$E:$E, (MATCH(90, 輔助計算!$E$2:$E$801, 0)+1)))), "") | E91: =IFERROR(IF(INDEX(ERP資料!$F:$F, (MATCH(90, 輔助計算!$E$2:$E$801, 0)+1))="","",INDEX(ERP資料!$F:$F, (MATCH(90, 輔助計算!$E$2:$E$801, 0)+1))), "") | F91: =IFERROR(IF(INDEX(ERP資料!$G:$G, (MATCH(90, 輔助計算!$E$2:$E$801, 0)+1))="","",INDEX(ERP資料!$G:$G, (MATCH(90, 輔助計算!$E$2:$E$801, 0)+1))), "") | G91: =IFERROR(IF(INDEX(ERP資料!$H:$H, (MATCH(90, 輔助計算!$E$2:$E$801, 0)+1))="","",INDEX(ERP資料!$H:$H, (MATCH(90, 輔助計算!$E$2:$E$801, 0)+1))), "") | H91: =IFERROR(INDEX(輔助計算!$D:$D, (MATCH(90, 輔助計算!$E$2:$E$801, 0)+1)), "") | I91: =IFERROR(IF(INDEX(ERP資料!$O:$O, (MATCH(90, 輔助計算!$E$2:$E$801, 0)+1))="","",INDEX(ERP資料!$O:$O, (MATCH(90, 輔助計算!$E$2:$E$801, 0)+1))), "") | J91: =IFERROR(IF(INDEX(輔助計算!$D:$D,(MATCH(90, 輔助計算!$E$2:$E$801, 0)+1))="","",INDEX(輔助計算!$D:$D,(MATCH(90, 輔助計算!$E$2:$E$801, 0)+1))*INDEX(ERP資料!$O:$O,(MATCH(90, 輔助計算!$E$2:$E$801, 0)+1))), "")
A92: =IFERROR(IF(INDEX(ERP資料!$B:$B, (MATCH(91, 輔助計算!$E$2:$E$801, 0)+1))="","",INDEX(ERP資料!$B:$B, (MATCH(91, 輔助計算!$E$2:$E$801, 0)+1))), "") | B92: =IFERROR(IF(INDEX(ERP資料!$A:$A, (MATCH(91, 輔助計算!$E$2:$E$801, 0)+1))="","",INDEX(ERP資料!$A:$A, (MATCH(91, 輔助計算!$E$2:$E$801, 0)+1))), "") | C92: =IFERROR(IF(INDEX(ERP資料!$S:$S, (MATCH(91, 輔助計算!$E$2:$E$801, 0)+1))="","",INDEX(ERP資料!$S:$S, (MATCH(91, 輔助計算!$E$2:$E$801, 0)+1))), "") | D92: =IFERROR(IF(INDEX(ERP資料!$E:$E, (MATCH(91, 輔助計算!$E$2:$E$801, 0)+1))="","",TRIM(INDEX(ERP資料!$E:$E, (MATCH(91, 輔助計算!$E$2:$E$801, 0)+1)))), "") | E92: =IFERROR(IF(INDEX(ERP資料!$F:$F, (MATCH(91, 輔助計算!$E$2:$E$801, 0)+1))="","",INDEX(ERP資料!$F:$F, (MATCH(91, 輔助計算!$E$2:$E$801, 0)+1))), "") | F92: =IFERROR(IF(INDEX(ERP資料!$G:$G, (MATCH(91, 輔助計算!$E$2:$E$801, 0)+1))="","",INDEX(ERP資料!$G:$G, (MATCH(91, 輔助計算!$E$2:$E$801, 0)+1))), "") | G92: =IFERROR(IF(INDEX(ERP資料!$H:$H, (MATCH(91, 輔助計算!$E$2:$E$801, 0)+1))="","",INDEX(ERP資料!$H:$H, (MATCH(91, 輔助計算!$E$2:$E$801, 0)+1))), "") | H92: =IFERROR(INDEX(輔助計算!$D:$D, (MATCH(91, 輔助計算!$E$2:$E$801, 0)+1)), "") | I92: =IFERROR(IF(INDEX(ERP資料!$O:$O, (MATCH(91, 輔助計算!$E$2:$E$801, 0)+1))="","",INDEX(ERP資料!$O:$O, (MATCH(91, 輔助計算!$E$2:$E$801, 0)+1))), "") | J92: =IFERROR(IF(INDEX(輔助計算!$D:$D,(MATCH(91, 輔助計算!$E$2:$E$801, 0)+1))="","",INDEX(輔助計算!$D:$D,(MATCH(91, 輔助計算!$E$2:$E$801, 0)+1))*INDEX(ERP資料!$O:$O,(MATCH(91, 輔助計算!$E$2:$E$801, 0)+1))), "")
A93: =IFERROR(IF(INDEX(ERP資料!$B:$B, (MATCH(92, 輔助計算!$E$2:$E$801, 0)+1))="","",INDEX(ERP資料!$B:$B, (MATCH(92, 輔助計算!$E$2:$E$801, 0)+1))), "") | B93: =IFERROR(IF(INDEX(ERP資料!$A:$A, (MATCH(92, 輔助計算!$E$2:$E$801, 0)+1))="","",INDEX(ERP資料!$A:$A, (MATCH(92, 輔助計算!$E$2:$E$801, 0)+1))), "") | C93: =IFERROR(IF(INDEX(ERP資料!$S:$S, (MATCH(92, 輔助計算!$E$2:$E$801, 0)+1))="","",INDEX(ERP資料!$S:$S, (MATCH(92, 輔助計算!$E$2:$E$801, 0)+1))), "") | D93: =IFERROR(IF(INDEX(ERP資料!$E:$E, (MATCH(92, 輔助計算!$E$2:$E$801, 0)+1))="","",TRIM(INDEX(ERP資料!$E:$E, (MATCH(92, 輔助計算!$E$2:$E$801, 0)+1)))), "") | E93: =IFERROR(IF(INDEX(ERP資料!$F:$F, (MATCH(92, 輔助計算!$E$2:$E$801, 0)+1))="","",INDEX(ERP資料!$F:$F, (MATCH(92, 輔助計算!$E$2:$E$801, 0)+1))), "") | F93: =IFERROR(IF(INDEX(ERP資料!$G:$G, (MATCH(92, 輔助計算!$E$2:$E$801, 0)+1))="","",INDEX(ERP資料!$G:$G, (MATCH(92, 輔助計算!$E$2:$E$801, 0)+1))), "") | G93: =IFERROR(IF(INDEX(ERP資料!$H:$H, (MATCH(92, 輔助計算!$E$2:$E$801, 0)+1))="","",INDEX(ERP資料!$H:$H, (MATCH(92, 輔助計算!$E$2:$E$801, 0)+1))), "") | H93: =IFERROR(INDEX(輔助計算!$D:$D, (MATCH(92, 輔助計算!$E$2:$E$801, 0)+1)), "") | I93: =IFERROR(IF(INDEX(ERP資料!$O:$O, (MATCH(92, 輔助計算!$E$2:$E$801, 0)+1))="","",INDEX(ERP資料!$O:$O, (MATCH(92, 輔助計算!$E$2:$E$801, 0)+1))), "") | J93: =IFERROR(IF(INDEX(輔助計算!$D:$D,(MATCH(92, 輔助計算!$E$2:$E$801, 0)+1))="","",INDEX(輔助計算!$D:$D,(MATCH(92, 輔助計算!$E$2:$E$801, 0)+1))*INDEX(ERP資料!$O:$O,(MATCH(92, 輔助計算!$E$2:$E$801, 0)+1))), "")
A94: =IFERROR(IF(INDEX(ERP資料!$B:$B, (MATCH(93, 輔助計算!$E$2:$E$801, 0)+1))="","",INDEX(ERP資料!$B:$B, (MATCH(93, 輔助計算!$E$2:$E$801, 0)+1))), "") | B94: =IFERROR(IF(INDEX(ERP資料!$A:$A, (MATCH(93, 輔助計算!$E$2:$E$801, 0)+1))="","",INDEX(ERP資料!$A:$A, (MATCH(93, 輔助計算!$E$2:$E$801, 0)+1))), "") | C94: =IFERROR(IF(INDEX(ERP資料!$S:$S, (MATCH(93, 輔助計算!$E$2:$E$801, 0)+1))="","",INDEX(ERP資料!$S:$S, (MATCH(93, 輔助計算!$E$2:$E$801, 0)+1))), "") | D94: =IFERROR(IF(INDEX(ERP資料!$E:$E, (MATCH(93, 輔助計算!$E$2:$E$801, 0)+1))="","",TRIM(INDEX(ERP資料!$E:$E, (MATCH(93, 輔助計算!$E$2:$E$801, 0)+1)))), "") | E94: =IFERROR(IF(INDEX(ERP資料!$F:$F, (MATCH(93, 輔助計算!$E$2:$E$801, 0)+1))="","",INDEX(ERP資料!$F:$F, (MATCH(93, 輔助計算!$E$2:$E$801, 0)+1))), "") | F94: =IFERROR(IF(INDEX(ERP資料!$G:$G, (MATCH(93, 輔助計算!$E$2:$E$801, 0)+1))="","",INDEX(ERP資料!$G:$G, (MATCH(93, 輔助計算!$E$2:$E$801, 0)+1))), "") | G94: =IFERROR(IF(INDEX(ERP資料!$H:$H, (MATCH(93, 輔助計算!$E$2:$E$801, 0)+1))="","",INDEX(ERP資料!$H:$H, (MATCH(93, 輔助計算!$E$2:$E$801, 0)+1))), "") | H94: =IFERROR(INDEX(輔助計算!$D:$D, (MATCH(93, 輔助計算!$E$2:$E$801, 0)+1)), "") | I94: =IFERROR(IF(INDEX(ERP資料!$O:$O, (MATCH(93, 輔助計算!$E$2:$E$801, 0)+1))="","",INDEX(ERP資料!$O:$O, (MATCH(93, 輔助計算!$E$2:$E$801, 0)+1))), "") | J94: =IFERROR(IF(INDEX(輔助計算!$D:$D,(MATCH(93, 輔助計算!$E$2:$E$801, 0)+1))="","",INDEX(輔助計算!$D:$D,(MATCH(93, 輔助計算!$E$2:$E$801, 0)+1))*INDEX(ERP資料!$O:$O,(MATCH(93, 輔助計算!$E$2:$E$801, 0)+1))), "")
A95: =IFERROR(IF(INDEX(ERP資料!$B:$B, (MATCH(94, 輔助計算!$E$2:$E$801, 0)+1))="","",INDEX(ERP資料!$B:$B, (MATCH(94, 輔助計算!$E$2:$E$801, 0)+1))), "") | B95: =IFERROR(IF(INDEX(ERP資料!$A:$A, (MATCH(94, 輔助計算!$E$2:$E$801, 0)+1))="","",INDEX(ERP資料!$A:$A, (MATCH(94, 輔助計算!$E$2:$E$801, 0)+1))), "") | C95: =IFERROR(IF(INDEX(ERP資料!$S:$S, (MATCH(94, 輔助計算!$E$2:$E$801, 0)+1))="","",INDEX(ERP資料!$S:$S, (MATCH(94, 輔助計算!$E$2:$E$801, 0)+1))), "") | D95: =IFERROR(IF(INDEX(ERP資料!$E:$E, (MATCH(94, 輔助計算!$E$2:$E$801, 0)+1))="","",TRIM(INDEX(ERP資料!$E:$E, (MATCH(94, 輔助計算!$E$2:$E$801, 0)+1)))), "") | E95: =IFERROR(IF(INDEX(ERP資料!$F:$F, (MATCH(94, 輔助計算!$E$2:$E$801, 0)+1))="","",INDEX(ERP資料!$F:$F, (MATCH(94, 輔助計算!$E$2:$E$801, 0)+1))), "") | F95: =IFERROR(IF(INDEX(ERP資料!$G:$G, (MATCH(94, 輔助計算!$E$2:$E$801, 0)+1))="","",INDEX(ERP資料!$G:$G, (MATCH(94, 輔助計算!$E$2:$E$801, 0)+1))), "") | G95: =IFERROR(IF(INDEX(ERP資料!$H:$H, (MATCH(94, 輔助計算!$E$2:$E$801, 0)+1))="","",INDEX(ERP資料!$H:$H, (MATCH(94, 輔助計算!$E$2:$E$801, 0)+1))), "") | H95: =IFERROR(INDEX(輔助計算!$D:$D, (MATCH(94, 輔助計算!$E$2:$E$801, 0)+1)), "") | I95: =IFERROR(IF(INDEX(ERP資料!$O:$O, (MATCH(94, 輔助計算!$E$2:$E$801, 0)+1))="","",INDEX(ERP資料!$O:$O, (MATCH(94, 輔助計算!$E$2:$E$801, 0)+1))), "") | J95: =IFERROR(IF(INDEX(輔助計算!$D:$D,(MATCH(94, 輔助計算!$E$2:$E$801, 0)+1))="","",INDEX(輔助計算!$D:$D,(MATCH(94, 輔助計算!$E$2:$E$801, 0)+1))*INDEX(ERP資料!$O:$O,(MATCH(94, 輔助計算!$E$2:$E$801, 0)+1))), "")
A96: =IFERROR(IF(INDEX(ERP資料!$B:$B, (MATCH(95, 輔助計算!$E$2:$E$801, 0)+1))="","",INDEX(ERP資料!$B:$B, (MATCH(95, 輔助計算!$E$2:$E$801, 0)+1))), "") | B96: =IFERROR(IF(INDEX(ERP資料!$A:$A, (MATCH(95, 輔助計算!$E$2:$E$801, 0)+1))="","",INDEX(ERP資料!$A:$A, (MATCH(95, 輔助計算!$E$2:$E$801, 0)+1))), "") | C96: =IFERROR(IF(INDEX(ERP資料!$S:$S, (MATCH(95, 輔助計算!$E$2:$E$801, 0)+1))="","",INDEX(ERP資料!$S:$S, (MATCH(95, 輔助計算!$E$2:$E$801, 0)+1))), "") | D96: =IFERROR(IF(INDEX(ERP資料!$E:$E, (MATCH(95, 輔助計算!$E$2:$E$801, 0)+1))="","",TRIM(INDEX(ERP資料!$E:$E, (MATCH(95, 輔助計算!$E$2:$E$801, 0)+1)))), "") | E96: =IFERROR(IF(INDEX(ERP資料!$F:$F, (MATCH(95, 輔助計算!$E$2:$E$801, 0)+1))="","",INDEX(ERP資料!$F:$F, (MATCH(95, 輔助計算!$E$2:$E$801, 0)+1))), "") | F96: =IFERROR(IF(INDEX(ERP資料!$G:$G, (MATCH(95, 輔助計算!$E$2:$E$801, 0)+1))="","",INDEX(ERP資料!$G:$G, (MATCH(95, 輔助計算!$E$2:$E$801, 0)+1))), "") | G96: =IFERROR(IF(INDEX(ERP資料!$H:$H, (MATCH(95, 輔助計算!$E$2:$E$801, 0)+1))="","",INDEX(ERP資料!$H:$H, (MATCH(95, 輔助計算!$E$2:$E$801, 0)+1))), "") | H96: =IFERROR(INDEX(輔助計算!$D:$D, (MATCH(95, 輔助計算!$E$2:$E$801, 0)+1)), "") | I96: =IFERROR(IF(INDEX(ERP資料!$O:$O, (MATCH(95, 輔助計算!$E$2:$E$801, 0)+1))="","",INDEX(ERP資料!$O:$O, (MATCH(95, 輔助計算!$E$2:$E$801, 0)+1))), "") | J96: =IFERROR(IF(INDEX(輔助計算!$D:$D,(MATCH(95, 輔助計算!$E$2:$E$801, 0)+1))="","",INDEX(輔助計算!$D:$D,(MATCH(95, 輔助計算!$E$2:$E$801, 0)+1))*INDEX(ERP資料!$O:$O,(MATCH(95, 輔助計算!$E$2:$E$801, 0)+1))), "")
A97: =IFERROR(IF(INDEX(ERP資料!$B:$B, (MATCH(96, 輔助計算!$E$2:$E$801, 0)+1))="","",INDEX(ERP資料!$B:$B, (MATCH(96, 輔助計算!$E$2:$E$801, 0)+1))), "") | B97: =IFERROR(IF(INDEX(ERP資料!$A:$A, (MATCH(96, 輔助計算!$E$2:$E$801, 0)+1))="","",INDEX(ERP資料!$A:$A, (MATCH(96, 輔助計算!$E$2:$E$801, 0)+1))), "") | C97: =IFERROR(IF(INDEX(ERP資料!$S:$S, (MATCH(96, 輔助計算!$E$2:$E$801, 0)+1))="","",INDEX(ERP資料!$S:$S, (MATCH(96, 輔助計算!$E$2:$E$801, 0)+1))), "") | D97: =IFERROR(IF(INDEX(ERP資料!$E:$E, (MATCH(96, 輔助計算!$E$2:$E$801, 0)+1))="","",TRIM(INDEX(ERP資料!$E:$E, (MATCH(96, 輔助計算!$E$2:$E$801, 0)+1)))), "") | E97: =IFERROR(IF(INDEX(ERP資料!$F:$F, (MATCH(96, 輔助計算!$E$2:$E$801, 0)+1))="","",INDEX(ERP資料!$F:$F, (MATCH(96, 輔助計算!$E$2:$E$801, 0)+1))), "") | F97: =IFERROR(IF(INDEX(ERP資料!$G:$G, (MATCH(96, 輔助計算!$E$2:$E$801, 0)+1))="","",INDEX(ERP資料!$G:$G, (MATCH(96, 輔助計算!$E$2:$E$801, 0)+1))), "") | G97: =IFERROR(IF(INDEX(ERP資料!$H:$H, (MATCH(96, 輔助計算!$E$2:$E$801, 0)+1))="","",INDEX(ERP資料!$H:$H, (MATCH(96, 輔助計算!$E$2:$E$801, 0)+1))), "") | H97: =IFERROR(INDEX(輔助計算!$D:$D, (MATCH(96, 輔助計算!$E$2:$E$801, 0)+1)), "") | I97: =IFERROR(IF(INDEX(ERP資料!$O:$O, (MATCH(96, 輔助計算!$E$2:$E$801, 0)+1))="","",INDEX(ERP資料!$O:$O, (MATCH(96, 輔助計算!$E$2:$E$801, 0)+1))), "") | J97: =IFERROR(IF(INDEX(輔助計算!$D:$D,(MATCH(96, 輔助計算!$E$2:$E$801, 0)+1))="","",INDEX(輔助計算!$D:$D,(MATCH(96, 輔助計算!$E$2:$E$801, 0)+1))*INDEX(ERP資料!$O:$O,(MATCH(96, 輔助計算!$E$2:$E$801, 0)+1))), "")
A98: =IFERROR(IF(INDEX(ERP資料!$B:$B, (MATCH(97, 輔助計算!$E$2:$E$801, 0)+1))="","",INDEX(ERP資料!$B:$B, (MATCH(97, 輔助計算!$E$2:$E$801, 0)+1))), "") | B98: =IFERROR(IF(INDEX(ERP資料!$A:$A, (MATCH(97, 輔助計算!$E$2:$E$801, 0)+1))="","",INDEX(ERP資料!$A:$A, (MATCH(97, 輔助計算!$E$2:$E$801, 0)+1))), "") | C98: =IFERROR(IF(INDEX(ERP資料!$S:$S, (MATCH(97, 輔助計算!$E$2:$E$801, 0)+1))="","",INDEX(ERP資料!$S:$S, (MATCH(97, 輔助計算!$E$2:$E$801, 0)+1))), "") | D98: =IFERROR(IF(INDEX(ERP資料!$E:$E, (MATCH(97, 輔助計算!$E$2:$E$801, 0)+1))="","",TRIM(INDEX(ERP資料!$E:$E, (MATCH(97, 輔助計算!$E$2:$E$801, 0)+1)))), "") | E98: =IFERROR(IF(INDEX(ERP資料!$F:$F, (MATCH(97, 輔助計算!$E$2:$E$801, 0)+1))="","",INDEX(ERP資料!$F:$F, (MATCH(97, 輔助計算!$E$2:$E$801, 0)+1))), "") | F98: =IFERROR(IF(INDEX(ERP資料!$G:$G, (MATCH(97, 輔助計算!$E$2:$E$801, 0)+1))="","",INDEX(ERP資料!$G:$G, (MATCH(97, 輔助計算!$E$2:$E$801, 0)+1))), "") | G98: =IFERROR(IF(INDEX(ERP資料!$H:$H, (MATCH(97, 輔助計算!$E$2:$E$801, 0)+1))="","",INDEX(ERP資料!$H:$H, (MATCH(97, 輔助計算!$E$2:$E$801, 0)+1))), "") | H98: =IFERROR(INDEX(輔助計算!$D:$D, (MATCH(97, 輔助計算!$E$2:$E$801, 0)+1)), "") | I98: =IFERROR(IF(INDEX(ERP資料!$O:$O, (MATCH(97, 輔助計算!$E$2:$E$801, 0)+1))="","",INDEX(ERP資料!$O:$O, (MATCH(97, 輔助計算!$E$2:$E$801, 0)+1))), "") | J98: =IFERROR(IF(INDEX(輔助計算!$D:$D,(MATCH(97, 輔助計算!$E$2:$E$801, 0)+1))="","",INDEX(輔助計算!$D:$D,(MATCH(97, 輔助計算!$E$2:$E$801, 0)+1))*INDEX(ERP資料!$O:$O,(MATCH(97, 輔助計算!$E$2:$E$801, 0)+1))), "")
A99: =IFERROR(IF(INDEX(ERP資料!$B:$B, (MATCH(98, 輔助計算!$E$2:$E$801, 0)+1))="","",INDEX(ERP資料!$B:$B, (MATCH(98, 輔助計算!$E$2:$E$801, 0)+1))), "") | B99: =IFERROR(IF(INDEX(ERP資料!$A:$A, (MATCH(98, 輔助計算!$E$2:$E$801, 0)+1))="","",INDEX(ERP資料!$A:$A, (MATCH(98, 輔助計算!$E$2:$E$801, 0)+1))), "") | C99: =IFERROR(IF(INDEX(ERP資料!$S:$S, (MATCH(98, 輔助計算!$E$2:$E$801, 0)+1))="","",INDEX(ERP資料!$S:$S, (MATCH(98, 輔助計算!$E$2:$E$801, 0)+1))), "") | D99: =IFERROR(IF(INDEX(ERP資料!$E:$E, (MATCH(98, 輔助計算!$E$2:$E$801, 0)+1))="","",TRIM(INDEX(ERP資料!$E:$E, (MATCH(98, 輔助計算!$E$2:$E$801, 0)+1)))), "") | E99: =IFERROR(IF(INDEX(ERP資料!$F:$F, (MATCH(98, 輔助計算!$E$2:$E$801, 0)+1))="","",INDEX(ERP資料!$F:$F, (MATCH(98, 輔助計算!$E$2:$E$801, 0)+1))), "") | F99: =IFERROR(IF(INDEX(ERP資料!$G:$G, (MATCH(98, 輔助計算!$E$2:$E$801, 0)+1))="","",INDEX(ERP資料!$G:$G, (MATCH(98, 輔助計算!$E$2:$E$801, 0)+1))), "") | G99: =IFERROR(IF(INDEX(ERP資料!$H:$H, (MATCH(98, 輔助計算!$E$2:$E$801, 0)+1))="","",INDEX(ERP資料!$H:$H, (MATCH(98, 輔助計算!$E$2:$E$801, 0)+1))), "") | H99: =IFERROR(INDEX(輔助計算!$D:$D, (MATCH(98, 輔助計算!$E$2:$E$801, 0)+1)), "") | I99: =IFERROR(IF(INDEX(ERP資料!$O:$O, (MATCH(98, 輔助計算!$E$2:$E$801, 0)+1))="","",INDEX(ERP資料!$O:$O, (MATCH(98, 輔助計算!$E$2:$E$801, 0)+1))), "") | J99: =IFERROR(IF(INDEX(輔助計算!$D:$D,(MATCH(98, 輔助計算!$E$2:$E$801, 0)+1))="","",INDEX(輔助計算!$D:$D,(MATCH(98, 輔助計算!$E$2:$E$801, 0)+1))*INDEX(ERP資料!$O:$O,(MATCH(98, 輔助計算!$E$2:$E$801, 0)+1))), "")
A100: =IFERROR(IF(INDEX(ERP資料!$B:$B, (MATCH(99, 輔助計算!$E$2:$E$801, 0)+1))="","",INDEX(ERP資料!$B:$B, (MATCH(99, 輔助計算!$E$2:$E$801, 0)+1))), "") | B100: =IFERROR(IF(INDEX(ERP資料!$A:$A, (MATCH(99, 輔助計算!$E$2:$E$801, 0)+1))="","",INDEX(ERP資料!$A:$A, (MATCH(99, 輔助計算!$E$2:$E$801, 0)+1))), "") | C100: =IFERROR(IF(INDEX(ERP資料!$S:$S, (MATCH(99, 輔助計算!$E$2:$E$801, 0)+1))="","",INDEX(ERP資料!$S:$S, (MATCH(99, 輔助計算!$E$2:$E$801, 0)+1))), "") | D100: =IFERROR(IF(INDEX(ERP資料!$E:$E, (MATCH(99, 輔助計算!$E$2:$E$801, 0)+1))="","",TRIM(INDEX(ERP資料!$E:$E, (MATCH(99, 輔助計算!$E$2:$E$801, 0)+1)))), "") | E100: =IFERROR(IF(INDEX(ERP資料!$F:$F, (MATCH(99, 輔助計算!$E$2:$E$801, 0)+1))="","",INDEX(ERP資料!$F:$F, (MATCH(99, 輔助計算!$E$2:$E$801, 0)+1))), "") | F100: =IFERROR(IF(INDEX(ERP資料!$G:$G, (MATCH(99, 輔助計算!$E$2:$E$801, 0)+1))="","",INDEX(ERP資料!$G:$G, (MATCH(99, 輔助計算!$E$2:$E$801, 0)+1))), "") | G100: =IFERROR(IF(INDEX(ERP資料!$H:$H, (MATCH(99, 輔助計算!$E$2:$E$801, 0)+1))="","",INDEX(ERP資料!$H:$H, (MATCH(99, 輔助計算!$E$2:$E$801, 0)+1))), "") | H100: =IFERROR(INDEX(輔助計算!$D:$D, (MATCH(99, 輔助計算!$E$2:$E$801, 0)+1)), "") | I100: =IFERROR(IF(INDEX(ERP資料!$O:$O, (MATCH(99, 輔助計算!$E$2:$E$801, 0)+1))="","",INDEX(ERP資料!$O:$O, (MATCH(99, 輔助計算!$E$2:$E$801, 0)+1))), "") | J100: =IFERROR(IF(INDEX(輔助計算!$D:$D,(MATCH(99, 輔助計算!$E$2:$E$801, 0)+1))="","",INDEX(輔助計算!$D:$D,(MATCH(99, 輔助計算!$E$2:$E$801, 0)+1))*INDEX(ERP資料!$O:$O,(MATCH(99, 輔助計算!$E$2:$E$801, 0)+1))), "")
...

Sheet 生管本-平板
A1: 結關日 | B1: 裝櫃單號 | C1: 客戶 | D1: 紙類 | E1: 基重 | F1: 寬(mm) | G1: 長(mm) | H1: 束/件 | I1: 總束數 | J1: 雙生 | K1: 件數 | L1: 特殊備註 | M1: ✓ | N1: 寬(mm) | O1: 長(mm) | P1: 件數 | Q1: 狀態 | R1: 訂購日期 | S1: 備註
A2: =IFERROR(IF(AND(IFERROR(INDEX(ERP資料!$A:$A, (MATCH(1, 輔助計算!$F$2:$F$801, 0)+1)), "")<>"", IFERROR(INDEX(ERP資料!$A:$A, (MATCH(1, 輔助計算!$F$2:$F$801, 0)+1)), "")<>IFERROR(INDEX(ERP資料!$A:$A, MATCH(0, 輔助計算!$F$2:$F$801, 0)+1), "")), INDEX(ERP資料!$B:$B, (MATCH(1, 輔助計算!$F$2:$F$801, 0)+1)), ""), "") | B2: =IFERROR(IF(AND(IFERROR(INDEX(ERP資料!$A:$A, (MATCH(1, 輔助計算!$F$2:$F$801, 0)+1)), "")<>"", IFERROR(INDEX(ERP資料!$A:$A, (MATCH(1, 輔助計算!$F$2:$F$801, 0)+1)), "")<>IFERROR(INDEX(ERP資料!$A:$A, MATCH(0, 輔助計算!$F$2:$F$801, 0)+1), "")), IFERROR(INDEX(ERP資料!$A:$A, (MATCH(1, 輔助計算!$F$2:$F$801, 0)+1)), ""), ""), "") | C2: =IFERROR(IF(AND(IFERROR(INDEX(ERP資料!$A:$A, (MATCH(1, 輔助計算!$F$2:$F$801, 0)+1)), "")<>"", IFERROR(INDEX(ERP資料!$A:$A, (MATCH(1, 輔助計算!$F$2:$F$801, 0)+1)), "")<>IFERROR(INDEX(ERP資料!$A:$A, MATCH(0, 輔助計算!$F$2:$F$801, 0)+1), "")), INDEX(ERP資料!$S:$S, (MATCH(1, 輔助計算!$F$2:$F$801, 0)+1)), ""), "") | D2: =IFERROR(IF(INDEX(ERP資料!$E:$E, (MATCH(1, 輔助計算!$F$2:$F$801, 0)+1))="","",TRIM(INDEX(ERP資料!$E:$E, (MATCH(1, 輔助計算!$F$2:$F$801, 0)+1)))), "") | E2: =IFERROR(IF(INDEX(ERP資料!$F:$F, (MATCH(1, 輔助計算!$F$2:$F$801, 0)+1))="","",INDEX(ERP資料!$F:$F, (MATCH(1, 輔助計算!$F$2:$F$801, 0)+1))), "") | F2: =IFERROR(IF(INDEX(ERP資料!$G:$G, (MATCH(1, 輔助計算!$F$2:$F$801, 0)+1))="","",INDEX(ERP資料!$G:$G, (MATCH(1, 輔助計算!$F$2:$F$801, 0)+1))), "") | G2: =IFERROR(IF(INDEX(ERP資料!$H:$H, (MATCH(1, 輔助計算!$F$2:$F$801, 0)+1))="","",INDEX(ERP資料!$H:$H, (MATCH(1, 輔助計算!$F$2:$F$801, 0)+1))), "") | H2: =IFERROR(IF(INDEX(ERP資料!$O:$O, (MATCH(1, 輔助計算!$F$2:$F$801, 0)+1))="","",INDEX(ERP資料!$O:$O, (MATCH(1, 輔助計算!$F$2:$F$801, 0)+1))), "") | I2: =IFERROR(IF(INDEX(輔助計算!$D:$D,(MATCH(1, 輔助計算!$F$2:$F$801, 0)+1))="","",INDEX(輔助計算!$D:$D,(MATCH(1, 輔助計算!$F$2:$F$801, 0)+1))*INDEX(ERP資料!$O:$O,(MATCH(1, 輔助計算!$F$2:$F$801, 0)+1))), "") | K2: =IFERROR(INDEX(輔助計算!$D:$D, (MATCH(1, 輔助計算!$F$2:$F$801, 0)+1)), "") | L2: =IFERROR(IF(AND(IFERROR(VLOOKUP(LEFT(INDEX(ERP資料!$S:$S, (MATCH(1, 輔助計算!$F$2:$F$801, 0)+1)), 4), 100張客戶!$A:$A, 1, FALSE), "")<>"", OR(INDEX(ERP資料!$F:$F, (MATCH(1, 輔助計算!$F$2:$F$801, 0)+1))=270, INDEX(ERP資料!$F:$F, (MATCH(1, 輔助計算!$F$2:$F$801, 0)+1))=300)), "100張", ""), "") | N2: =IF($F2="","",$F2) | O2: =IF($G2="","",$G2) | P2: =IF($K2="","",$K2)
A3: =IFERROR(IF(AND(IFERROR(INDEX(ERP資料!$A:$A, (MATCH(2, 輔助計算!$F$2:$F$801, 0)+1)), "")<>"", IFERROR(INDEX(ERP資料!$A:$A, (MATCH(2, 輔助計算!$F$2:$F$801, 0)+1)), "")<>IFERROR(INDEX(ERP資料!$A:$A, MATCH(1, 輔助計算!$F$2:$F$801, 0)+1), "")), INDEX(ERP資料!$B:$B, (MATCH(2, 輔助計算!$F$2:$F$801, 0)+1)), ""), "") | B3: =IFERROR(IF(AND(IFERROR(INDEX(ERP資料!$A:$A, (MATCH(2, 輔助計算!$F$2:$F$801, 0)+1)), "")<>"", IFERROR(INDEX(ERP資料!$A:$A, (MATCH(2, 輔助計算!$F$2:$F$801, 0)+1)), "")<>IFERROR(INDEX(ERP資料!$A:$A, MATCH(1, 輔助計算!$F$2:$F$801, 0)+1), "")), IFERROR(INDEX(ERP資料!$A:$A, (MATCH(2, 輔助計算!$F$2:$F$801, 0)+1)), ""), ""), "") | C3: =IFERROR(IF(AND(IFERROR(INDEX(ERP資料!$A:$A, (MATCH(2, 輔助計算!$F$2:$F$801, 0)+1)), "")<>"", IFERROR(INDEX(ERP資料!$A:$A, (MATCH(2, 輔助計算!$F$2:$F$801, 0)+1)), "")<>IFERROR(INDEX(ERP資料!$A:$A, MATCH(1, 輔助計算!$F$2:$F$801, 0)+1), "")), INDEX(ERP資料!$S:$S, (MATCH(2, 輔助計算!$F$2:$F$801, 0)+1)), ""), "") | D3: =IFERROR(IF(INDEX(ERP資料!$E:$E, (MATCH(2, 輔助計算!$F$2:$F$801, 0)+1))="","",TRIM(INDEX(ERP資料!$E:$E, (MATCH(2, 輔助計算!$F$2:$F$801, 0)+1)))), "") | E3: =IFERROR(IF(INDEX(ERP資料!$F:$F, (MATCH(2, 輔助計算!$F$2:$F$801, 0)+1))="","",INDEX(ERP資料!$F:$F, (MATCH(2, 輔助計算!$F$2:$F$801, 0)+1))), "") | F3: =IFERROR(IF(INDEX(ERP資料!$G:$G, (MATCH(2, 輔助計算!$F$2:$F$801, 0)+1))="","",INDEX(ERP資料!$G:$G, (MATCH(2, 輔助計算!$F$2:$F$801, 0)+1))), "") | G3: =IFERROR(IF(INDEX(ERP資料!$H:$H, (MATCH(2, 輔助計算!$F$2:$F$801, 0)+1))="","",INDEX(ERP資料!$H:$H, (MATCH(2, 輔助計算!$F$2:$F$801, 0)+1))), "") | H3: =IFERROR(IF(INDEX(ERP資料!$O:$O, (MATCH(2, 輔助計算!$F$2:$F$801, 0)+1))="","",INDEX(ERP資料!$O:$O, (MATCH(2, 輔助計算!$F$2:$F$801, 0)+1))), "") | I3: =IFERROR(IF(INDEX(輔助計算!$D:$D,(MATCH(2, 輔助計算!$F$2:$F$801, 0)+1))="","",INDEX(輔助計算!$D:$D,(MATCH(2, 輔助計算!$F$2:$F$801, 0)+1))*INDEX(ERP資料!$O:$O,(MATCH(2, 輔助計算!$F$2:$F$801, 0)+1))), "") | K3: =IFERROR(INDEX(輔助計算!$D:$D, (MATCH(2, 輔助計算!$F$2:$F$801, 0)+1)), "") | L3: =IFERROR(IF(AND(IFERROR(VLOOKUP(LEFT(INDEX(ERP資料!$S:$S, (MATCH(2, 輔助計算!$F$2:$F$801, 0)+1)), 4), 100張客戶!$A:$A, 1, FALSE), "")<>"", OR(INDEX(ERP資料!$F:$F, (MATCH(2, 輔助計算!$F$2:$F$801, 0)+1))=270, INDEX(ERP資料!$F:$F, (MATCH(2, 輔助計算!$F$2:$F$801, 0)+1))=300)), "100張", ""), "") | N3: =IF($F3="","",$F3) | O3: =IF($G3="","",$G3) | P3: =IF($K3="","",$K3)
A4: =IFERROR(IF(AND(IFERROR(INDEX(ERP資料!$A:$A, (MATCH(3, 輔助計算!$F$2:$F$801, 0)+1)), "")<>"", IFERROR(INDEX(ERP資料!$A:$A, (MATCH(3, 輔助計算!$F$2:$F$801, 0)+1)), "")<>IFERROR(INDEX(ERP資料!$A:$A, MATCH(2, 輔助計算!$F$2:$F$801, 0)+1), "")), INDEX(ERP資料!$B:$B, (MATCH(3, 輔助計算!$F$2:$F$801, 0)+1)), ""), "") | B4: =IFERROR(IF(AND(IFERROR(INDEX(ERP資料!$A:$A, (MATCH(3, 輔助計算!$F$2:$F$801, 0)+1)), "")<>"", IFERROR(INDEX(ERP資料!$A:$A, (MATCH(3, 輔助計算!$F$2:$F$801, 0)+1)), "")<>IFERROR(INDEX(ERP資料!$A:$A, MATCH(2, 輔助計算!$F$2:$F$801, 0)+1), "")), IFERROR(INDEX(ERP資料!$A:$A, (MATCH(3, 輔助計算!$F$2:$F$801, 0)+1)), ""), ""), "") | C4: =IFERROR(IF(AND(IFERROR(INDEX(ERP資料!$A:$A, (MATCH(3, 輔助計算!$F$2:$F$801, 0)+1)), "")<>"", IFERROR(INDEX(ERP資料!$A:$A, (MATCH(3, 輔助計算!$F$2:$F$801, 0)+1)), "")<>IFERROR(INDEX(ERP資料!$A:$A, MATCH(2, 輔助計算!$F$2:$F$801, 0)+1), "")), INDEX(ERP資料!$S:$S, (MATCH(3, 輔助計算!$F$2:$F$801, 0)+1)), ""), "") | D4: =IFERROR(IF(INDEX(ERP資料!$E:$E, (MATCH(3, 輔助計算!$F$2:$F$801, 0)+1))="","",TRIM(INDEX(ERP資料!$E:$E, (MATCH(3, 輔助計算!$F$2:$F$801, 0)+1)))), "") | E4: =IFERROR(IF(INDEX(ERP資料!$F:$F, (MATCH(3, 輔助計算!$F$2:$F$801, 0)+1))="","",INDEX(ERP資料!$F:$F, (MATCH(3, 輔助計算!$F$2:$F$801, 0)+1))), "") | F4: =IFERROR(IF(INDEX(ERP資料!$G:$G, (MATCH(3, 輔助計算!$F$2:$F$801, 0)+1))="","",INDEX(ERP資料!$G:$G, (MATCH(3, 輔助計算!$F$2:$F$801, 0)+1))), "") | G4: =IFERROR(IF(INDEX(ERP資料!$H:$H, (MATCH(3, 輔助計算!$F$2:$F$801, 0)+1))="","",INDEX(ERP資料!$H:$H, (MATCH(3, 輔助計算!$F$2:$F$801, 0)+1))), "") | H4: =IFERROR(IF(INDEX(ERP資料!$O:$O, (MATCH(3, 輔助計算!$F$2:$F$801, 0)+1))="","",INDEX(ERP資料!$O:$O, (MATCH(3, 輔助計算!$F$2:$F$801, 0)+1))), "") | I4: =IFERROR(IF(INDEX(輔助計算!$D:$D,(MATCH(3, 輔助計算!$F$2:$F$801, 0)+1))="","",INDEX(輔助計算!$D:$D,(MATCH(3, 輔助計算!$F$2:$F$801, 0)+1))*INDEX(ERP資料!$O:$O,(MATCH(3, 輔助計算!$F$2:$F$801, 0)+1))), "") | K4: =IFERROR(INDEX(輔助計算!$D:$D, (MATCH(3, 輔助計算!$F$2:$F$801, 0)+1)), "") | L4: =IFERROR(IF(AND(IFERROR(VLOOKUP(LEFT(INDEX(ERP資料!$S:$S, (MATCH(3, 輔助計算!$F$2:$F$801, 0)+1)), 4), 100張客戶!$A:$A, 1, FALSE), "")<>"", OR(INDEX(ERP資料!$F:$F, (MATCH(3, 輔助計算!$F$2:$F$801, 0)+1))=270, INDEX(ERP資料!$F:$F, (MATCH(3, 輔助計算!$F$2:$F$801, 0)+1))=300)), "100張", ""), "") | N4: =IF($F4="","",$F4) | O4: =IF($G4="","",$G4) | P4: =IF($K4="","",$K4)
A5: =IFERROR(IF(AND(IFERROR(INDEX(ERP資料!$A:$A, (MATCH(4, 輔助計算!$F$2:$F$801, 0)+1)), "")<>"", IFERROR(INDEX(ERP資料!$A:$A, (MATCH(4, 輔助計算!$F$2:$F$801, 0)+1)), "")<>IFERROR(INDEX(ERP資料!$A:$A, MATCH(3, 輔助計算!$F$2:$F$801, 0)+1), "")), INDEX(ERP資料!$B:$B, (MATCH(4, 輔助計算!$F$2:$F$801, 0)+1)), ""), "") | B5: =IFERROR(IF(AND(IFERROR(INDEX(ERP資料!$A:$A, (MATCH(4, 輔助計算!$F$2:$F$801, 0)+1)), "")<>"", IFERROR(INDEX(ERP資料!$A:$A, (MATCH(4, 輔助計算!$F$2:$F$801, 0)+1)), "")<>IFERROR(INDEX(ERP資料!$A:$A, MATCH(3, 輔助計算!$F$2:$F$801, 0)+1), "")), IFERROR(INDEX(ERP資料!$A:$A, (MATCH(4, 輔助計算!$F$2:$F$801, 0)+1)), ""), ""), "") | C5: =IFERROR(IF(AND(IFERROR(INDEX(ERP資料!$A:$A, (MATCH(4, 輔助計算!$F$2:$F$801, 0)+1)), "")<>"", IFERROR(INDEX(ERP資料!$A:$A, (MATCH(4, 輔助計算!$F$2:$F$801, 0)+1)), "")<>IFERROR(INDEX(ERP資料!$A:$A, MATCH(3, 輔助計算!$F$2:$F$801, 0)+1), "")), INDEX(ERP資料!$S:$S, (MATCH(4, 輔助計算!$F$2:$F$801, 0)+1)), ""), "") | D5: =IFERROR(IF(INDEX(ERP資料!$E:$E, (MATCH(4, 輔助計算!$F$2:$F$801, 0)+1))="","",TRIM(INDEX(ERP資料!$E:$E, (MATCH(4, 輔助計算!$F$2:$F$801, 0)+1)))), "") | E5: =IFERROR(IF(INDEX(ERP資料!$F:$F, (MATCH(4, 輔助計算!$F$2:$F$801, 0)+1))="","",INDEX(ERP資料!$F:$F, (MATCH(4, 輔助計算!$F$2:$F$801, 0)+1))), "") | F5: =IFERROR(IF(INDEX(ERP資料!$G:$G, (MATCH(4, 輔助計算!$F$2:$F$801, 0)+1))="","",INDEX(ERP資料!$G:$G, (MATCH(4, 輔助計算!$F$2:$F$801, 0)+1))), "") | G5: =IFERROR(IF(INDEX(ERP資料!$H:$H, (MATCH(4, 輔助計算!$F$2:$F$801, 0)+1))="","",INDEX(ERP資料!$H:$H, (MATCH(4, 輔助計算!$F$2:$F$801, 0)+1))), "") | H5: =IFERROR(IF(INDEX(ERP資料!$O:$O, (MATCH(4, 輔助計算!$F$2:$F$801, 0)+1))="","",INDEX(ERP資料!$O:$O, (MATCH(4, 輔助計算!$F$2:$F$801, 0)+1))), "") | I5: =IFERROR(IF(INDEX(輔助計算!$D:$D,(MATCH(4, 輔助計算!$F$2:$F$801, 0)+1))="","",INDEX(輔助計算!$D:$D,(MATCH(4, 輔助計算!$F$2:$F$801, 0)+1))*INDEX(ERP資料!$O:$O,(MATCH(4, 輔助計算!$F$2:$F$801, 0)+1))), "") | K5: =IFERROR(INDEX(輔助計算!$D:$D, (MATCH(4, 輔助計算!$F$2:$F$801, 0)+1)), "") | L5: =IFERROR(IF(AND(IFERROR(VLOOKUP(LEFT(INDEX(ERP資料!$S:$S, (MATCH(4, 輔助計算!$F$2:$F$801, 0)+1)), 4), 100張客戶!$A:$A, 1, FALSE), "")<>"", OR(INDEX(ERP資料!$F:$F, (MATCH(4, 輔助計算!$F$2:$F$801, 0)+1))=270, INDEX(ERP資料!$F:$F, (MATCH(4, 輔助計算!$F$2:$F$801, 0)+1))=300)), "100張", ""), "") | N5: =IF($F5="","",$F5) | O5: =IF($G5="","",$G5) | P5: =IF($K5="","",$K5)
A6: =IFERROR(IF(AND(IFERROR(INDEX(ERP資料!$A:$A, (MATCH(5, 輔助計算!$F$2:$F$801, 0)+1)), "")<>"", IFERROR(INDEX(ERP資料!$A:$A, (MATCH(5, 輔助計算!$F$2:$F$801, 0)+1)), "")<>IFERROR(INDEX(ERP資料!$A:$A, MATCH(4, 輔助計算!$F$2:$F$801, 0)+1), "")), INDEX(ERP資料!$B:$B, (MATCH(5, 輔助計算!$F$2:$F$801, 0)+1)), ""), "") | B6: =IFERROR(IF(AND(IFERROR(INDEX(ERP資料!$A:$A, (MATCH(5, 輔助計算!$F$2:$F$801, 0)+1)), "")<>"", IFERROR(INDEX(ERP資料!$A:$A, (MATCH(5, 輔助計算!$F$2:$F$801, 0)+1)), "")<>IFERROR(INDEX(ERP資料!$A:$A, MATCH(4, 輔助計算!$F$2:$F$801, 0)+1), "")), IFERROR(INDEX(ERP資料!$A:$A, (MATCH(5, 輔助計算!$F$2:$F$801, 0)+1)), ""), ""), "") | C6: =IFERROR(IF(AND(IFERROR(INDEX(ERP資料!$A:$A, (MATCH(5, 輔助計算!$F$2:$F$801, 0)+1)), "")<>"", IFERROR(INDEX(ERP資料!$A:$A, (MATCH(5, 輔助計算!$F$2:$F$801, 0)+1)), "")<>IFERROR(INDEX(ERP資料!$A:$A, MATCH(4, 輔助計算!$F$2:$F$801, 0)+1), "")), INDEX(ERP資料!$S:$S, (MATCH(5, 輔助計算!$F$2:$F$801, 0)+1)), ""), "") | D6: =IFERROR(IF(INDEX(ERP資料!$E:$E, (MATCH(5, 輔助計算!$F$2:$F$801, 0)+1))="","",TRIM(INDEX(ERP資料!$E:$E, (MATCH(5, 輔助計算!$F$2:$F$801, 0)+1)))), "") | E6: =IFERROR(IF(INDEX(ERP資料!$F:$F, (MATCH(5, 輔助計算!$F$2:$F$801, 0)+1))="","",INDEX(ERP資料!$F:$F, (MATCH(5, 輔助計算!$F$2:$F$801, 0)+1))), "") | F6: =IFERROR(IF(INDEX(ERP資料!$G:$G, (MATCH(5, 輔助計算!$F$2:$F$801, 0)+1))="","",INDEX(ERP資料!$G:$G, (MATCH(5, 輔助計算!$F$2:$F$801, 0)+1))), "") | G6: =IFERROR(IF(INDEX(ERP資料!$H:$H, (MATCH(5, 輔助計算!$F$2:$F$801, 0)+1))="","",INDEX(ERP資料!$H:$H, (MATCH(5, 輔助計算!$F$2:$F$801, 0)+1))), "") | H6: =IFERROR(IF(INDEX(ERP資料!$O:$O, (MATCH(5, 輔助計算!$F$2:$F$801, 0)+1))="","",INDEX(ERP資料!$O:$O, (MATCH(5, 輔助計算!$F$2:$F$801, 0)+1))), "") | I6: =IFERROR(IF(INDEX(輔助計算!$D:$D,(MATCH(5, 輔助計算!$F$2:$F$801, 0)+1))="","",INDEX(輔助計算!$D:$D,(MATCH(5, 輔助計算!$F$2:$F$801, 0)+1))*INDEX(ERP資料!$O:$O,(MATCH(5, 輔助計算!$F$2:$F$801, 0)+1))), "") | K6: =IFERROR(INDEX(輔助計算!$D:$D, (MATCH(5, 輔助計算!$F$2:$F$801, 0)+1)), "") | L6: =IFERROR(IF(AND(IFERROR(VLOOKUP(LEFT(INDEX(ERP資料!$S:$S, (MATCH(5, 輔助計算!$F$2:$F$801, 0)+1)), 4), 100張客戶!$A:$A, 1, FALSE), "")<>"", OR(INDEX(ERP資料!$F:$F, (MATCH(5, 輔助計算!$F$2:$F$801, 0)+1))=270, INDEX(ERP資料!$F:$F, (MATCH(5, 輔助計算!$F$2:$F$801, 0)+1))=300)), "100張", ""), "") | N6: =IF($F6="","",$F6) | O6: =IF($G6="","",$G6) | P6: =IF($K6="","",$K6)
A7: =IFERROR(IF(AND(IFERROR(INDEX(ERP資料!$A:$A, (MATCH(6, 輔助計算!$F$2:$F$801, 0)+1)), "")<>"", IFERROR(INDEX(ERP資料!$A:$A, (MATCH(6, 輔助計算!$F$2:$F$801, 0)+1)), "")<>IFERROR(INDEX(ERP資料!$A:$A, MATCH(5, 輔助計算!$F$2:$F$801, 0)+1), "")), INDEX(ERP資料!$B:$B, (MATCH(6, 輔助計算!$F$2:$F$801, 0)+1)), ""), "") | B7: =IFERROR(IF(AND(IFERROR(INDEX(ERP資料!$A:$A, (MATCH(6, 輔助計算!$F$2:$F$801, 0)+1)), "")<>"", IFERROR(INDEX(ERP資料!$A:$A, (MATCH(6, 輔助計算!$F$2:$F$801, 0)+1)), "")<>IFERROR(INDEX(ERP資料!$A:$A, MATCH(5, 輔助計算!$F$2:$F$801, 0)+1), "")), IFERROR(INDEX(ERP資料!$A:$A, (MATCH(6, 輔助計算!$F$2:$F$801, 0)+1)), ""), ""), "") | C7: =IFERROR(IF(AND(IFERROR(INDEX(ERP資料!$A:$A, (MATCH(6, 輔助計算!$F$2:$F$801, 0)+1)), "")<>"", IFERROR(INDEX(ERP資料!$A:$A, (MATCH(6, 輔助計算!$F$2:$F$801, 0)+1)), "")<>IFERROR(INDEX(ERP資料!$A:$A, MATCH(5, 輔助計算!$F$2:$F$801, 0)+1), "")), INDEX(ERP資料!$S:$S, (MATCH(6, 輔助計算!$F$2:$F$801, 0)+1)), ""), "") | D7: =IFERROR(IF(INDEX(ERP資料!$E:$E, (MATCH(6, 輔助計算!$F$2:$F$801, 0)+1))="","",TRIM(INDEX(ERP資料!$E:$E, (MATCH(6, 輔助計算!$F$2:$F$801, 0)+1)))), "") | E7: =IFERROR(IF(INDEX(ERP資料!$F:$F, (MATCH(6, 輔助計算!$F$2:$F$801, 0)+1))="","",INDEX(ERP資料!$F:$F, (MATCH(6, 輔助計算!$F$2:$F$801, 0)+1))), "") | F7: =IFERROR(IF(INDEX(ERP資料!$G:$G, (MATCH(6, 輔助計算!$F$2:$F$801, 0)+1))="","",INDEX(ERP資料!$G:$G, (MATCH(6, 輔助計算!$F$2:$F$801, 0)+1))), "") | G7: =IFERROR(IF(INDEX(ERP資料!$H:$H, (MATCH(6, 輔助計算!$F$2:$F$801, 0)+1))="","",INDEX(ERP資料!$H:$H, (MATCH(6, 輔助計算!$F$2:$F$801, 0)+1))), "") | H7: =IFERROR(IF(INDEX(ERP資料!$O:$O, (MATCH(6, 輔助計算!$F$2:$F$801, 0)+1))="","",INDEX(ERP資料!$O:$O, (MATCH(6, 輔助計算!$F$2:$F$801, 0)+1))), "") | I7: =IFERROR(IF(INDEX(輔助計算!$D:$D,(MATCH(6, 輔助計算!$F$2:$F$801, 0)+1))="","",INDEX(輔助計算!$D:$D,(MATCH(6, 輔助計算!$F$2:$F$801, 0)+1))*INDEX(ERP資料!$O:$O,(MATCH(6, 輔助計算!$F$2:$F$801, 0)+1))), "") | K7: =IFERROR(INDEX(輔助計算!$D:$D, (MATCH(6, 輔助計算!$F$2:$F$801, 0)+1)), "") | L7: =IFERROR(IF(AND(IFERROR(VLOOKUP(LEFT(INDEX(ERP資料!$S:$S, (MATCH(6, 輔助計算!$F$2:$F$801, 0)+1)), 4), 100張客戶!$A:$A, 1, FALSE), "")<>"", OR(INDEX(ERP資料!$F:$F, (MATCH(6, 輔助計算!$F$2:$F$801, 0)+1))=270, INDEX(ERP資料!$F:$F, (MATCH(6, 輔助計算!$F$2:$F$801, 0)+1))=300)), "100張", ""), "") | N7: =IF($F7="","",$F7) | O7: =IF($G7="","",$G7) | P7: =IF($K7="","",$K7)
A8: =IFERROR(IF(AND(IFERROR(INDEX(ERP資料!$A:$A, (MATCH(7, 輔助計算!$F$2:$F$801, 0)+1)), "")<>"", IFERROR(INDEX(ERP資料!$A:$A, (MATCH(7, 輔助計算!$F$2:$F$801, 0)+1)), "")<>IFERROR(INDEX(ERP資料!$A:$A, MATCH(6, 輔助計算!$F$2:$F$801, 0)+1), "")), INDEX(ERP資料!$B:$B, (MATCH(7, 輔助計算!$F$2:$F$801, 0)+1)), ""), "") | B8: =IFERROR(IF(AND(IFERROR(INDEX(ERP資料!$A:$A, (MATCH(7, 輔助計算!$F$2:$F$801, 0)+1)), "")<>"", IFERROR(INDEX(ERP資料!$A:$A, (MATCH(7, 輔助計算!$F$2:$F$801, 0)+1)), "")<>IFERROR(INDEX(ERP資料!$A:$A, MATCH(6, 輔助計算!$F$2:$F$801, 0)+1), "")), IFERROR(INDEX(ERP資料!$A:$A, (MATCH(7, 輔助計算!$F$2:$F$801, 0)+1)), ""), ""), "") | C8: =IFERROR(IF(AND(IFERROR(INDEX(ERP資料!$A:$A, (MATCH(7, 輔助計算!$F$2:$F$801, 0)+1)), "")<>"", IFERROR(INDEX(ERP資料!$A:$A, (MATCH(7, 輔助計算!$F$2:$F$801, 0)+1)), "")<>IFERROR(INDEX(ERP資料!$A:$A, MATCH(6, 輔助計算!$F$2:$F$801, 0)+1), "")), INDEX(ERP資料!$S:$S, (MATCH(7, 輔助計算!$F$2:$F$801, 0)+1)), ""), "") | D8: =IFERROR(IF(INDEX(ERP資料!$E:$E, (MATCH(7, 輔助計算!$F$2:$F$801, 0)+1))="","",TRIM(INDEX(ERP資料!$E:$E, (MATCH(7, 輔助計算!$F$2:$F$801, 0)+1)))), "") | E8: =IFERROR(IF(INDEX(ERP資料!$F:$F, (MATCH(7, 輔助計算!$F$2:$F$801, 0)+1))="","",INDEX(ERP資料!$F:$F, (MATCH(7, 輔助計算!$F$2:$F$801, 0)+1))), "") | F8: =IFERROR(IF(INDEX(ERP資料!$G:$G, (MATCH(7, 輔助計算!$F$2:$F$801, 0)+1))="","",INDEX(ERP資料!$G:$G, (MATCH(7, 輔助計算!$F$2:$F$801, 0)+1))), "") | G8: =IFERROR(IF(INDEX(ERP資料!$H:$H, (MATCH(7, 輔助計算!$F$2:$F$801, 0)+1))="","",INDEX(ERP資料!$H:$H, (MATCH(7, 輔助計算!$F$2:$F$801, 0)+1))), "") | H8: =IFERROR(IF(INDEX(ERP資料!$O:$O, (MATCH(7, 輔助計算!$F$2:$F$801, 0)+1))="","",INDEX(ERP資料!$O:$O, (MATCH(7, 輔助計算!$F$2:$F$801, 0)+1))), "") | I8: =IFERROR(IF(INDEX(輔助計算!$D:$D,(MATCH(7, 輔助計算!$F$2:$F$801, 0)+1))="","",INDEX(輔助計算!$D:$D,(MATCH(7, 輔助計算!$F$2:$F$801, 0)+1))*INDEX(ERP資料!$O:$O,(MATCH(7, 輔助計算!$F$2:$F$801, 0)+1))), "") | K8: =IFERROR(INDEX(輔助計算!$D:$D, (MATCH(7, 輔助計算!$F$2:$F$801, 0)+1)), "") | L8: =IFERROR(IF(AND(IFERROR(VLOOKUP(LEFT(INDEX(ERP資料!$S:$S, (MATCH(7, 輔助計算!$F$2:$F$801, 0)+1)), 4), 100張客戶!$A:$A, 1, FALSE), "")<>"", OR(INDEX(ERP資料!$F:$F, (MATCH(7, 輔助計算!$F$2:$F$801, 0)+1))=270, INDEX(ERP資料!$F:$F, (MATCH(7, 輔助計算!$F$2:$F$801, 0)+1))=300)), "100張", ""), "") | N8: =IF($F8="","",$F8) | O8: =IF($G8="","",$G8) | P8: =IF($K8="","",$K8)
A9: =IFERROR(IF(AND(IFERROR(INDEX(ERP資料!$A:$A, (MATCH(8, 輔助計算!$F$2:$F$801, 0)+1)), "")<>"", IFERROR(INDEX(ERP資料!$A:$A, (MATCH(8, 輔助計算!$F$2:$F$801, 0)+1)), "")<>IFERROR(INDEX(ERP資料!$A:$A, MATCH(7, 輔助計算!$F$2:$F$801, 0)+1), "")), INDEX(ERP資料!$B:$B, (MATCH(8, 輔助計算!$F$2:$F$801, 0)+1)), ""), "") | B9: =IFERROR(IF(AND(IFERROR(INDEX(ERP資料!$A:$A, (MATCH(8, 輔助計算!$F$2:$F$801, 0)+1)), "")<>"", IFERROR(INDEX(ERP資料!$A:$A, (MATCH(8, 輔助計算!$F$2:$F$801, 0)+1)), "")<>IFERROR(INDEX(ERP資料!$A:$A, MATCH(7, 輔助計算!$F$2:$F$801, 0)+1), "")), IFERROR(INDEX(ERP資料!$A:$A, (MATCH(8, 輔助計算!$F$2:$F$801, 0)+1)), ""), ""), "") | C9: =IFERROR(IF(AND(IFERROR(INDEX(ERP資料!$A:$A, (MATCH(8, 輔助計算!$F$2:$F$801, 0)+1)), "")<>"", IFERROR(INDEX(ERP資料!$A:$A, (MATCH(8, 輔助計算!$F$2:$F$801, 0)+1)), "")<>IFERROR(INDEX(ERP資料!$A:$A, MATCH(7, 輔助計算!$F$2:$F$801, 0)+1), "")), INDEX(ERP資料!$S:$S, (MATCH(8, 輔助計算!$F$2:$F$801, 0)+1)), ""), "") | D9: =IFERROR(IF(INDEX(ERP資料!$E:$E, (MATCH(8, 輔助計算!$F$2:$F$801, 0)+1))="","",TRIM(INDEX(ERP資料!$E:$E, (MATCH(8, 輔助計算!$F$2:$F$801, 0)+1)))), "") | E9: =IFERROR(IF(INDEX(ERP資料!$F:$F, (MATCH(8, 輔助計算!$F$2:$F$801, 0)+1))="","",INDEX(ERP資料!$F:$F, (MATCH(8, 輔助計算!$F$2:$F$801, 0)+1))), "") | F9: =IFERROR(IF(INDEX(ERP資料!$G:$G, (MATCH(8, 輔助計算!$F$2:$F$801, 0)+1))="","",INDEX(ERP資料!$G:$G, (MATCH(8, 輔助計算!$F$2:$F$801, 0)+1))), "") | G9: =IFERROR(IF(INDEX(ERP資料!$H:$H, (MATCH(8, 輔助計算!$F$2:$F$801, 0)+1))="","",INDEX(ERP資料!$H:$H, (MATCH(8, 輔助計算!$F$2:$F$801, 0)+1))), "") | H9: =IFERROR(IF(INDEX(ERP資料!$O:$O, (MATCH(8, 輔助計算!$F$2:$F$801, 0)+1))="","",INDEX(ERP資料!$O:$O, (MATCH(8, 輔助計算!$F$2:$F$801, 0)+1))), "") | I9: =IFERROR(IF(INDEX(輔助計算!$D:$D,(MATCH(8, 輔助計算!$F$2:$F$801, 0)+1))="","",INDEX(輔助計算!$D:$D,(MATCH(8, 輔助計算!$F$2:$F$801, 0)+1))*INDEX(ERP資料!$O:$O,(MATCH(8, 輔助計算!$F$2:$F$801, 0)+1))), "") | K9: =IFERROR(INDEX(輔助計算!$D:$D, (MATCH(8, 輔助計算!$F$2:$F$801, 0)+1)), "") | L9: =IFERROR(IF(AND(IFERROR(VLOOKUP(LEFT(INDEX(ERP資料!$S:$S, (MATCH(8, 輔助計算!$F$2:$F$801, 0)+1)), 4), 100張客戶!$A:$A, 1, FALSE), "")<>"", OR(INDEX(ERP資料!$F:$F, (MATCH(8, 輔助計算!$F$2:$F$801, 0)+1))=270, INDEX(ERP資料!$F:$F, (MATCH(8, 輔助計算!$F$2:$F$801, 0)+1))=300)), "100張", ""), "") | N9: =IF($F9="","",$F9) | O9: =IF($G9="","",$G9) | P9: =IF($K9="","",$K9)
A10: =IFERROR(IF(AND(IFERROR(INDEX(ERP資料!$A:$A, (MATCH(9, 輔助計算!$F$2:$F$801, 0)+1)), "")<>"", IFERROR(INDEX(ERP資料!$A:$A, (MATCH(9, 輔助計算!$F$2:$F$801, 0)+1)), "")<>IFERROR(INDEX(ERP資料!$A:$A, MATCH(8, 輔助計算!$F$2:$F$801, 0)+1), "")), INDEX(ERP資料!$B:$B, (MATCH(9, 輔助計算!$F$2:$F$801, 0)+1)), ""), "") | B10: =IFERROR(IF(AND(IFERROR(INDEX(ERP資料!$A:$A, (MATCH(9, 輔助計算!$F$2:$F$801, 0)+1)), "")<>"", IFERROR(INDEX(ERP資料!$A:$A, (MATCH(9, 輔助計算!$F$2:$F$801, 0)+1)), "")<>IFERROR(INDEX(ERP資料!$A:$A, MATCH(8, 輔助計算!$F$2:$F$801, 0)+1), "")), IFERROR(INDEX(ERP資料!$A:$A, (MATCH(9, 輔助計算!$F$2:$F$801, 0)+1)), ""), ""), "") | C10: =IFERROR(IF(AND(IFERROR(INDEX(ERP資料!$A:$A, (MATCH(9, 輔助計算!$F$2:$F$801, 0)+1)), "")<>"", IFERROR(INDEX(ERP資料!$A:$A, (MATCH(9, 輔助計算!$F$2:$F$801, 0)+1)), "")<>IFERROR(INDEX(ERP資料!$A:$A, MATCH(8, 輔助計算!$F$2:$F$801, 0)+1), "")), INDEX(ERP資料!$S:$S, (MATCH(9, 輔助計算!$F$2:$F$801, 0)+1)), ""), "") | D10: =IFERROR(IF(INDEX(ERP資料!$E:$E, (MATCH(9, 輔助計算!$F$2:$F$801, 0)+1))="","",TRIM(INDEX(ERP資料!$E:$E, (MATCH(9, 輔助計算!$F$2:$F$801, 0)+1)))), "") | E10: =IFERROR(IF(INDEX(ERP資料!$F:$F, (MATCH(9, 輔助計算!$F$2:$F$801, 0)+1))="","",INDEX(ERP資料!$F:$F, (MATCH(9, 輔助計算!$F$2:$F$801, 0)+1))), "") | F10: =IFERROR(IF(INDEX(ERP資料!$G:$G, (MATCH(9, 輔助計算!$F$2:$F$801, 0)+1))="","",INDEX(ERP資料!$G:$G, (MATCH(9, 輔助計算!$F$2:$F$801, 0)+1))), "") | G10: =IFERROR(IF(INDEX(ERP資料!$H:$H, (MATCH(9, 輔助計算!$F$2:$F$801, 0)+1))="","",INDEX(ERP資料!$H:$H, (MATCH(9, 輔助計算!$F$2:$F$801, 0)+1))), "") | H10: =IFERROR(IF(INDEX(ERP資料!$O:$O, (MATCH(9, 輔助計算!$F$2:$F$801, 0)+1))="","",INDEX(ERP資料!$O:$O, (MATCH(9, 輔助計算!$F$2:$F$801, 0)+1))), "") | I10: =IFERROR(IF(INDEX(輔助計算!$D:$D,(MATCH(9, 輔助計算!$F$2:$F$801, 0)+1))="","",INDEX(輔助計算!$D:$D,(MATCH(9, 輔助計算!$F$2:$F$801, 0)+1))*INDEX(ERP資料!$O:$O,(MATCH(9, 輔助計算!$F$2:$F$801, 0)+1))), "") | K10: =IFERROR(INDEX(輔助計算!$D:$D, (MATCH(9, 輔助計算!$F$2:$F$801, 0)+1)), "") | L10: =IFERROR(IF(AND(IFERROR(VLOOKUP(LEFT(INDEX(ERP資料!$S:$S, (MATCH(9, 輔助計算!$F$2:$F$801, 0)+1)), 4), 100張客戶!$A:$A, 1, FALSE), "")<>"", OR(INDEX(ERP資料!$F:$F, (MATCH(9, 輔助計算!$F$2:$F$801, 0)+1))=270, INDEX(ERP資料!$F:$F, (MATCH(9, 輔助計算!$F$2:$F$801, 0)+1))=300)), "100張", ""), "") | N10: =IF($F10="","",$F10) | O10: =IF($G10="","",$G10) | P10: =IF($K10="","",$K10)
A11: =IFERROR(IF(AND(IFERROR(INDEX(ERP資料!$A:$A, (MATCH(10, 輔助計算!$F$2:$F$801, 0)+1)), "")<>"", IFERROR(INDEX(ERP資料!$A:$A, (MATCH(10, 輔助計算!$F$2:$F$801, 0)+1)), "")<>IFERROR(INDEX(ERP資料!$A:$A, MATCH(9, 輔助計算!$F$2:$F$801, 0)+1), "")), INDEX(ERP資料!$B:$B, (MATCH(10, 輔助計算!$F$2:$F$801, 0)+1)), ""), "") | B11: =IFERROR(IF(AND(IFERROR(INDEX(ERP資料!$A:$A, (MATCH(10, 輔助計算!$F$2:$F$801, 0)+1)), "")<>"", IFERROR(INDEX(ERP資料!$A:$A, (MATCH(10, 輔助計算!$F$2:$F$801, 0)+1)), "")<>IFERROR(INDEX(ERP資料!$A:$A, MATCH(9, 輔助計算!$F$2:$F$801, 0)+1), "")), IFERROR(INDEX(ERP資料!$A:$A, (MATCH(10, 輔助計算!$F$2:$F$801, 0)+1)), ""), ""), "") | C11: =IFERROR(IF(AND(IFERROR(INDEX(ERP資料!$A:$A, (MATCH(10, 輔助計算!$F$2:$F$801, 0)+1)), "")<>"", IFERROR(INDEX(ERP資料!$A:$A, (MATCH(10, 輔助計算!$F$2:$F$801, 0)+1)), "")<>IFERROR(INDEX(ERP資料!$A:$A, MATCH(9, 輔助計算!$F$2:$F$801, 0)+1), "")), INDEX(ERP資料!$S:$S, (MATCH(10, 輔助計算!$F$2:$F$801, 0)+1)), ""), "") | D11: =IFERROR(IF(INDEX(ERP資料!$E:$E, (MATCH(10, 輔助計算!$F$2:$F$801, 0)+1))="","",TRIM(INDEX(ERP資料!$E:$E, (MATCH(10, 輔助計算!$F$2:$F$801, 0)+1)))), "") | E11: =IFERROR(IF(INDEX(ERP資料!$F:$F, (MATCH(10, 輔助計算!$F$2:$F$801, 0)+1))="","",INDEX(ERP資料!$F:$F, (MATCH(10, 輔助計算!$F$2:$F$801, 0)+1))), "") | F11: =IFERROR(IF(INDEX(ERP資料!$G:$G, (MATCH(10, 輔助計算!$F$2:$F$801, 0)+1))="","",INDEX(ERP資料!$G:$G, (MATCH(10, 輔助計算!$F$2:$F$801, 0)+1))), "") | G11: =IFERROR(IF(INDEX(ERP資料!$H:$H, (MATCH(10, 輔助計算!$F$2:$F$801, 0)+1))="","",INDEX(ERP資料!$H:$H, (MATCH(10, 輔助計算!$F$2:$F$801, 0)+1))), "") | H11: =IFERROR(IF(INDEX(ERP資料!$O:$O, (MATCH(10, 輔助計算!$F$2:$F$801, 0)+1))="","",INDEX(ERP資料!$O:$O, (MATCH(10, 輔助計算!$F$2:$F$801, 0)+1))), "") | I11: =IFERROR(IF(INDEX(輔助計算!$D:$D,(MATCH(10, 輔助計算!$F$2:$F$801, 0)+1))="","",INDEX(輔助計算!$D:$D,(MATCH(10, 輔助計算!$F$2:$F$801, 0)+1))*INDEX(ERP資料!$O:$O,(MATCH(10, 輔助計算!$F$2:$F$801, 0)+1))), "") | K11: =IFERROR(INDEX(輔助計算!$D:$D, (MATCH(10, 輔助計算!$F$2:$F$801, 0)+1)), "") | L11: =IFERROR(IF(AND(IFERROR(VLOOKUP(LEFT(INDEX(ERP資料!$S:$S, (MATCH(10, 輔助計算!$F$2:$F$801, 0)+1)), 4), 100張客戶!$A:$A, 1, FALSE), "")<>"", OR(INDEX(ERP資料!$F:$F, (MATCH(10, 輔助計算!$F$2:$F$801, 0)+1))=270, INDEX(ERP資料!$F:$F, (MATCH(10, 輔助計算!$F$2:$F$801, 0)+1))=300)), "100張", ""), "") | N11: =IF($F11="","",$F11) | O11: =IF($G11="","",$G11) | P11: =IF($K11="","",$K11)
A12: =IFERROR(IF(AND(IFERROR(INDEX(ERP資料!$A:$A, (MATCH(11, 輔助計算!$F$2:$F$801, 0)+1)), "")<>"", IFERROR(INDEX(ERP資料!$A:$A, (MATCH(11, 輔助計算!$F$2:$F$801, 0)+1)), "")<>IFERROR(INDEX(ERP資料!$A:$A, MATCH(10, 輔助計算!$F$2:$F$801, 0)+1), "")), INDEX(ERP資料!$B:$B, (MATCH(11, 輔助計算!$F$2:$F$801, 0)+1)), ""), "") | B12: =IFERROR(IF(AND(IFERROR(INDEX(ERP資料!$A:$A, (MATCH(11, 輔助計算!$F$2:$F$801, 0)+1)), "")<>"", IFERROR(INDEX(ERP資料!$A:$A, (MATCH(11, 輔助計算!$F$2:$F$801, 0)+1)), "")<>IFERROR(INDEX(ERP資料!$A:$A, MATCH(10, 輔助計算!$F$2:$F$801, 0)+1), "")), IFERROR(INDEX(ERP資料!$A:$A, (MATCH(11, 輔助計算!$F$2:$F$801, 0)+1)), ""), ""), "") | C12: =IFERROR(IF(AND(IFERROR(INDEX(ERP資料!$A:$A, (MATCH(11, 輔助計算!$F$2:$F$801, 0)+1)), "")<>"", IFERROR(INDEX(ERP資料!$A:$A, (MATCH(11, 輔助計算!$F$2:$F$801, 0)+1)), "")<>IFERROR(INDEX(ERP資料!$A:$A, MATCH(10, 輔助計算!$F$2:$F$801, 0)+1), "")), INDEX(ERP資料!$S:$S, (MATCH(11, 輔助計算!$F$2:$F$801, 0)+1)), ""), "") | D12: =IFERROR(IF(INDEX(ERP資料!$E:$E, (MATCH(11, 輔助計算!$F$2:$F$801, 0)+1))="","",TRIM(INDEX(ERP資料!$E:$E, (MATCH(11, 輔助計算!$F$2:$F$801, 0)+1)))), "") | E12: =IFERROR(IF(INDEX(ERP資料!$F:$F, (MATCH(11, 輔助計算!$F$2:$F$801, 0)+1))="","",INDEX(ERP資料!$F:$F, (MATCH(11, 輔助計算!$F$2:$F$801, 0)+1))), "") | F12: =IFERROR(IF(INDEX(ERP資料!$G:$G, (MATCH(11, 輔助計算!$F$2:$F$801, 0)+1))="","",INDEX(ERP資料!$G:$G, (MATCH(11, 輔助計算!$F$2:$F$801, 0)+1))), "") | G12: =IFERROR(IF(INDEX(ERP資料!$H:$H, (MATCH(11, 輔助計算!$F$2:$F$801, 0)+1))="","",INDEX(ERP資料!$H:$H, (MATCH(11, 輔助計算!$F$2:$F$801, 0)+1))), "") | H12: =IFERROR(IF(INDEX(ERP資料!$O:$O, (MATCH(11, 輔助計算!$F$2:$F$801, 0)+1))="","",INDEX(ERP資料!$O:$O, (MATCH(11, 輔助計算!$F$2:$F$801, 0)+1))), "") | I12: =IFERROR(IF(INDEX(輔助計算!$D:$D,(MATCH(11, 輔助計算!$F$2:$F$801, 0)+1))="","",INDEX(輔助計算!$D:$D,(MATCH(11, 輔助計算!$F$2:$F$801, 0)+1))*INDEX(ERP資料!$O:$O,(MATCH(11, 輔助計算!$F$2:$F$801, 0)+1))), "") | K12: =IFERROR(INDEX(輔助計算!$D:$D, (MATCH(11, 輔助計算!$F$2:$F$801, 0)+1)), "") | L12: =IFERROR(IF(AND(IFERROR(VLOOKUP(LEFT(INDEX(ERP資料!$S:$S, (MATCH(11, 輔助計算!$F$2:$F$801, 0)+1)), 4), 100張客戶!$A:$A, 1, FALSE), "")<>"", OR(INDEX(ERP資料!$F:$F, (MATCH(11, 輔助計算!$F$2:$F$801, 0)+1))=270, INDEX(ERP資料!$F:$F, (MATCH(11, 輔助計算!$F$2:$F$801, 0)+1))=300)), "100張", ""), "") | N12: =IF($F12="","",$F12) | O12: =IF($G12="","",$G12) | P12: =IF($K12="","",$K12)
A13: =IFERROR(IF(AND(IFERROR(INDEX(ERP資料!$A:$A, (MATCH(12, 輔助計算!$F$2:$F$801, 0)+1)), "")<>"", IFERROR(INDEX(ERP資料!$A:$A, (MATCH(12, 輔助計算!$F$2:$F$801, 0)+1)), "")<>IFERROR(INDEX(ERP資料!$A:$A, MATCH(11, 輔助計算!$F$2:$F$801, 0)+1), "")), INDEX(ERP資料!$B:$B, (MATCH(12, 輔助計算!$F$2:$F$801, 0)+1)), ""), "") | B13: =IFERROR(IF(AND(IFERROR(INDEX(ERP資料!$A:$A, (MATCH(12, 輔助計算!$F$2:$F$801, 0)+1)), "")<>"", IFERROR(INDEX(ERP資料!$A:$A, (MATCH(12, 輔助計算!$F$2:$F$801, 0)+1)), "")<>IFERROR(INDEX(ERP資料!$A:$A, MATCH(11, 輔助計算!$F$2:$F$801, 0)+1), "")), IFERROR(INDEX(ERP資料!$A:$A, (MATCH(12, 輔助計算!$F$2:$F$801, 0)+1)), ""), ""), "") | C13: =IFERROR(IF(AND(IFERROR(INDEX(ERP資料!$A:$A, (MATCH(12, 輔助計算!$F$2:$F$801, 0)+1)), "")<>"", IFERROR(INDEX(ERP資料!$A:$A, (MATCH(12, 輔助計算!$F$2:$F$801, 0)+1)), "")<>IFERROR(INDEX(ERP資料!$A:$A, MATCH(11, 輔助計算!$F$2:$F$801, 0)+1), "")), INDEX(ERP資料!$S:$S, (MATCH(12, 輔助計算!$F$2:$F$801, 0)+1)), ""), "") | D13: =IFERROR(IF(INDEX(ERP資料!$E:$E, (MATCH(12, 輔助計算!$F$2:$F$801, 0)+1))="","",TRIM(INDEX(ERP資料!$E:$E, (MATCH(12, 輔助計算!$F$2:$F$801, 0)+1)))), "") | E13: =IFERROR(IF(INDEX(ERP資料!$F:$F, (MATCH(12, 輔助計算!$F$2:$F$801, 0)+1))="","",INDEX(ERP資料!$F:$F, (MATCH(12, 輔助計算!$F$2:$F$801, 0)+1))), "") | F13: =IFERROR(IF(INDEX(ERP資料!$G:$G, (MATCH(12, 輔助計算!$F$2:$F$801, 0)+1))="","",INDEX(ERP資料!$G:$G, (MATCH(12, 輔助計算!$F$2:$F$801, 0)+1))), "") | G13: =IFERROR(IF(INDEX(ERP資料!$H:$H, (MATCH(12, 輔助計算!$F$2:$F$801, 0)+1))="","",INDEX(ERP資料!$H:$H, (MATCH(12, 輔助計算!$F$2:$F$801, 0)+1))), "") | H13: =IFERROR(IF(INDEX(ERP資料!$O:$O, (MATCH(12, 輔助計算!$F$2:$F$801, 0)+1))="","",INDEX(ERP資料!$O:$O, (MATCH(12, 輔助計算!$F$2:$F$801, 0)+1))), "") | I13: =IFERROR(IF(INDEX(輔助計算!$D:$D,(MATCH(12, 輔助計算!$F$2:$F$801, 0)+1))="","",INDEX(輔助計算!$D:$D,(MATCH(12, 輔助計算!$F$2:$F$801, 0)+1))*INDEX(ERP資料!$O:$O,(MATCH(12, 輔助計算!$F$2:$F$801, 0)+1))), "") | K13: =IFERROR(INDEX(輔助計算!$D:$D, (MATCH(12, 輔助計算!$F$2:$F$801, 0)+1)), "") | L13: =IFERROR(IF(AND(IFERROR(VLOOKUP(LEFT(INDEX(ERP資料!$S:$S, (MATCH(12, 輔助計算!$F$2:$F$801, 0)+1)), 4), 100張客戶!$A:$A, 1, FALSE), "")<>"", OR(INDEX(ERP資料!$F:$F, (MATCH(12, 輔助計算!$F$2:$F$801, 0)+1))=270, INDEX(ERP資料!$F:$F, (MATCH(12, 輔助計算!$F$2:$F$801, 0)+1))=300)), "100張", ""), "") | N13: =IF($F13="","",$F13) | O13: =IF($G13="","",$G13) | P13: =IF($K13="","",$K13)
A14: =IFERROR(IF(AND(IFERROR(INDEX(ERP資料!$A:$A, (MATCH(13, 輔助計算!$F$2:$F$801, 0)+1)), "")<>"", IFERROR(INDEX(ERP資料!$A:$A, (MATCH(13, 輔助計算!$F$2:$F$801, 0)+1)), "")<>IFERROR(INDEX(ERP資料!$A:$A, MATCH(12, 輔助計算!$F$2:$F$801, 0)+1), "")), INDEX(ERP資料!$B:$B, (MATCH(13, 輔助計算!$F$2:$F$801, 0)+1)), ""), "") | B14: =IFERROR(IF(AND(IFERROR(INDEX(ERP資料!$A:$A, (MATCH(13, 輔助計算!$F$2:$F$801, 0)+1)), "")<>"", IFERROR(INDEX(ERP資料!$A:$A, (MATCH(13, 輔助計算!$F$2:$F$801, 0)+1)), "")<>IFERROR(INDEX(ERP資料!$A:$A, MATCH(12, 輔助計算!$F$2:$F$801, 0)+1), "")), IFERROR(INDEX(ERP資料!$A:$A, (MATCH(13, 輔助計算!$F$2:$F$801, 0)+1)), ""), ""), "") | C14: =IFERROR(IF(AND(IFERROR(INDEX(ERP資料!$A:$A, (MATCH(13, 輔助計算!$F$2:$F$801, 0)+1)), "")<>"", IFERROR(INDEX(ERP資料!$A:$A, (MATCH(13, 輔助計算!$F$2:$F$801, 0)+1)), "")<>IFERROR(INDEX(ERP資料!$A:$A, MATCH(12, 輔助計算!$F$2:$F$801, 0)+1), "")), INDEX(ERP資料!$S:$S, (MATCH(13, 輔助計算!$F$2:$F$801, 0)+1)), ""), "") | D14: =IFERROR(IF(INDEX(ERP資料!$E:$E, (MATCH(13, 輔助計算!$F$2:$F$801, 0)+1))="","",TRIM(INDEX(ERP資料!$E:$E, (MATCH(13, 輔助計算!$F$2:$F$801, 0)+1)))), "") | E14: =IFERROR(IF(INDEX(ERP資料!$F:$F, (MATCH(13, 輔助計算!$F$2:$F$801, 0)+1))="","",INDEX(ERP資料!$F:$F, (MATCH(13, 輔助計算!$F$2:$F$801, 0)+1))), "") | F14: =IFERROR(IF(INDEX(ERP資料!$G:$G, (MATCH(13, 輔助計算!$F$2:$F$801, 0)+1))="","",INDEX(ERP資料!$G:$G, (MATCH(13, 輔助計算!$F$2:$F$801, 0)+1))), "") | G14: =IFERROR(IF(INDEX(ERP資料!$H:$H, (MATCH(13, 輔助計算!$F$2:$F$801, 0)+1))="","",INDEX(ERP資料!$H:$H, (MATCH(13, 輔助計算!$F$2:$F$801, 0)+1))), "") | H14: =IFERROR(IF(INDEX(ERP資料!$O:$O, (MATCH(13, 輔助計算!$F$2:$F$801, 0)+1))="","",INDEX(ERP資料!$O:$O, (MATCH(13, 輔助計算!$F$2:$F$801, 0)+1))), "") | I14: =IFERROR(IF(INDEX(輔助計算!$D:$D,(MATCH(13, 輔助計算!$F$2:$F$801, 0)+1))="","",INDEX(輔助計算!$D:$D,(MATCH(13, 輔助計算!$F$2:$F$801, 0)+1))*INDEX(ERP資料!$O:$O,(MATCH(13, 輔助計算!$F$2:$F$801, 0)+1))), "") | K14: =IFERROR(INDEX(輔助計算!$D:$D, (MATCH(13, 輔助計算!$F$2:$F$801, 0)+1)), "") | L14: =IFERROR(IF(AND(IFERROR(VLOOKUP(LEFT(INDEX(ERP資料!$S:$S, (MATCH(13, 輔助計算!$F$2:$F$801, 0)+1)), 4), 100張客戶!$A:$A, 1, FALSE), "")<>"", OR(INDEX(ERP資料!$F:$F, (MATCH(13, 輔助計算!$F$2:$F$801, 0)+1))=270, INDEX(ERP資料!$F:$F, (MATCH(13, 輔助計算!$F$2:$F$801, 0)+1))=300)), "100張", ""), "") | N14: =IF($F14="","",$F14) | O14: =IF($G14="","",$G14) | P14: =IF($K14="","",$K14)
A15: =IFERROR(IF(AND(IFERROR(INDEX(ERP資料!$A:$A, (MATCH(14, 輔助計算!$F$2:$F$801, 0)+1)), "")<>"", IFERROR(INDEX(ERP資料!$A:$A, (MATCH(14, 輔助計算!$F$2:$F$801, 0)+1)), "")<>IFERROR(INDEX(ERP資料!$A:$A, MATCH(13, 輔助計算!$F$2:$F$801, 0)+1), "")), INDEX(ERP資料!$B:$B, (MATCH(14, 輔助計算!$F$2:$F$801, 0)+1)), ""), "") | B15: =IFERROR(IF(AND(IFERROR(INDEX(ERP資料!$A:$A, (MATCH(14, 輔助計算!$F$2:$F$801, 0)+1)), "")<>"", IFERROR(INDEX(ERP資料!$A:$A, (MATCH(14, 輔助計算!$F$2:$F$801, 0)+1)), "")<>IFERROR(INDEX(ERP資料!$A:$A, MATCH(13, 輔助計算!$F$2:$F$801, 0)+1), "")), IFERROR(INDEX(ERP資料!$A:$A, (MATCH(14, 輔助計算!$F$2:$F$801, 0)+1)), ""), ""), "") | C15: =IFERROR(IF(AND(IFERROR(INDEX(ERP資料!$A:$A, (MATCH(14, 輔助計算!$F$2:$F$801, 0)+1)), "")<>"", IFERROR(INDEX(ERP資料!$A:$A, (MATCH(14, 輔助計算!$F$2:$F$801, 0)+1)), "")<>IFERROR(INDEX(ERP資料!$A:$A, MATCH(13, 輔助計算!$F$2:$F$801, 0)+1), "")), INDEX(ERP資料!$S:$S, (MATCH(14, 輔助計算!$F$2:$F$801, 0)+1)), ""), "") | D15: =IFERROR(IF(INDEX(ERP資料!$E:$E, (MATCH(14, 輔助計算!$F$2:$F$801, 0)+1))="","",TRIM(INDEX(ERP資料!$E:$E, (MATCH(14, 輔助計算!$F$2:$F$801, 0)+1)))), "") | E15: =IFERROR(IF(INDEX(ERP資料!$F:$F, (MATCH(14, 輔助計算!$F$2:$F$801, 0)+1))="","",INDEX(ERP資料!$F:$F, (MATCH(14, 輔助計算!$F$2:$F$801, 0)+1))), "") | F15: =IFERROR(IF(INDEX(ERP資料!$G:$G, (MATCH(14, 輔助計算!$F$2:$F$801, 0)+1))="","",INDEX(ERP資料!$G:$G, (MATCH(14, 輔助計算!$F$2:$F$801, 0)+1))), "") | G15: =IFERROR(IF(INDEX(ERP資料!$H:$H, (MATCH(14, 輔助計算!$F$2:$F$801, 0)+1))="","",INDEX(ERP資料!$H:$H, (MATCH(14, 輔助計算!$F$2:$F$801, 0)+1))), "") | H15: =IFERROR(IF(INDEX(ERP資料!$O:$O, (MATCH(14, 輔助計算!$F$2:$F$801, 0)+1))="","",INDEX(ERP資料!$O:$O, (MATCH(14, 輔助計算!$F$2:$F$801, 0)+1))), "") | I15: =IFERROR(IF(INDEX(輔助計算!$D:$D,(MATCH(14, 輔助計算!$F$2:$F$801, 0)+1))="","",INDEX(輔助計算!$D:$D,(MATCH(14, 輔助計算!$F$2:$F$801, 0)+1))*INDEX(ERP資料!$O:$O,(MATCH(14, 輔助計算!$F$2:$F$801, 0)+1))), "") | K15: =IFERROR(INDEX(輔助計算!$D:$D, (MATCH(14, 輔助計算!$F$2:$F$801, 0)+1)), "") | L15: =IFERROR(IF(AND(IFERROR(VLOOKUP(LEFT(INDEX(ERP資料!$S:$S, (MATCH(14, 輔助計算!$F$2:$F$801, 0)+1)), 4), 100張客戶!$A:$A, 1, FALSE), "")<>"", OR(INDEX(ERP資料!$F:$F, (MATCH(14, 輔助計算!$F$2:$F$801, 0)+1))=270, INDEX(ERP資料!$F:$F, (MATCH(14, 輔助計算!$F$2:$F$801, 0)+1))=300)), "100張", ""), "") | N15: =IF($F15="","",$F15) | O15: =IF($G15="","",$G15) | P15: =IF($K15="","",$K15)
A16: =IFERROR(IF(AND(IFERROR(INDEX(ERP資料!$A:$A, (MATCH(15, 輔助計算!$F$2:$F$801, 0)+1)), "")<>"", IFERROR(INDEX(ERP資料!$A:$A, (MATCH(15, 輔助計算!$F$2:$F$801, 0)+1)), "")<>IFERROR(INDEX(ERP資料!$A:$A, MATCH(14, 輔助計算!$F$2:$F$801, 0)+1), "")), INDEX(ERP資料!$B:$B, (MATCH(15, 輔助計算!$F$2:$F$801, 0)+1)), ""), "") | B16: =IFERROR(IF(AND(IFERROR(INDEX(ERP資料!$A:$A, (MATCH(15, 輔助計算!$F$2:$F$801, 0)+1)), "")<>"", IFERROR(INDEX(ERP資料!$A:$A, (MATCH(15, 輔助計算!$F$2:$F$801, 0)+1)), "")<>IFERROR(INDEX(ERP資料!$A:$A, MATCH(14, 輔助計算!$F$2:$F$801, 0)+1), "")), IFERROR(INDEX(ERP資料!$A:$A, (MATCH(15, 輔助計算!$F$2:$F$801, 0)+1)), ""), ""), "") | C16: =IFERROR(IF(AND(IFERROR(INDEX(ERP資料!$A:$A, (MATCH(15, 輔助計算!$F$2:$F$801, 0)+1)), "")<>"", IFERROR(INDEX(ERP資料!$A:$A, (MATCH(15, 輔助計算!$F$2:$F$801, 0)+1)), "")<>IFERROR(INDEX(ERP資料!$A:$A, MATCH(14, 輔助計算!$F$2:$F$801, 0)+1), "")), INDEX(ERP資料!$S:$S, (MATCH(15, 輔助計算!$F$2:$F$801, 0)+1)), ""), "") | D16: =IFERROR(IF(INDEX(ERP資料!$E:$E, (MATCH(15, 輔助計算!$F$2:$F$801, 0)+1))="","",TRIM(INDEX(ERP資料!$E:$E, (MATCH(15, 輔助計算!$F$2:$F$801, 0)+1)))), "") | E16: =IFERROR(IF(INDEX(ERP資料!$F:$F, (MATCH(15, 輔助計算!$F$2:$F$801, 0)+1))="","",INDEX(ERP資料!$F:$F, (MATCH(15, 輔助計算!$F$2:$F$801, 0)+1))), "") | F16: =IFERROR(IF(INDEX(ERP資料!$G:$G, (MATCH(15, 輔助計算!$F$2:$F$801, 0)+1))="","",INDEX(ERP資料!$G:$G, (MATCH(15, 輔助計算!$F$2:$F$801, 0)+1))), "") | G16: =IFERROR(IF(INDEX(ERP資料!$H:$H, (MATCH(15, 輔助計算!$F$2:$F$801, 0)+1))="","",INDEX(ERP資料!$H:$H, (MATCH(15, 輔助計算!$F$2:$F$801, 0)+1))), "") | H16: =IFERROR(IF(INDEX(ERP資料!$O:$O, (MATCH(15, 輔助計算!$F$2:$F$801, 0)+1))="","",INDEX(ERP資料!$O:$O, (MATCH(15, 輔助計算!$F$2:$F$801, 0)+1))), "") | I16: =IFERROR(IF(INDEX(輔助計算!$D:$D,(MATCH(15, 輔助計算!$F$2:$F$801, 0)+1))="","",INDEX(輔助計算!$D:$D,(MATCH(15, 輔助計算!$F$2:$F$801, 0)+1))*INDEX(ERP資料!$O:$O,(MATCH(15, 輔助計算!$F$2:$F$801, 0)+1))), "") | K16: =IFERROR(INDEX(輔助計算!$D:$D, (MATCH(15, 輔助計算!$F$2:$F$801, 0)+1)), "") | L16: =IFERROR(IF(AND(IFERROR(VLOOKUP(LEFT(INDEX(ERP資料!$S:$S, (MATCH(15, 輔助計算!$F$2:$F$801, 0)+1)), 4), 100張客戶!$A:$A, 1, FALSE), "")<>"", OR(INDEX(ERP資料!$F:$F, (MATCH(15, 輔助計算!$F$2:$F$801, 0)+1))=270, INDEX(ERP資料!$F:$F, (MATCH(15, 輔助計算!$F$2:$F$801, 0)+1))=300)), "100張", ""), "") | N16: =IF($F16="","",$F16) | O16: =IF($G16="","",$G16) | P16: =IF($K16="","",$K16)
A17: =IFERROR(IF(AND(IFERROR(INDEX(ERP資料!$A:$A, (MATCH(16, 輔助計算!$F$2:$F$801, 0)+1)), "")<>"", IFERROR(INDEX(ERP資料!$A:$A, (MATCH(16, 輔助計算!$F$2:$F$801, 0)+1)), "")<>IFERROR(INDEX(ERP資料!$A:$A, MATCH(15, 輔助計算!$F$2:$F$801, 0)+1), "")), INDEX(ERP資料!$B:$B, (MATCH(16, 輔助計算!$F$2:$F$801, 0)+1)), ""), "") | B17: =IFERROR(IF(AND(IFERROR(INDEX(ERP資料!$A:$A, (MATCH(16, 輔助計算!$F$2:$F$801, 0)+1)), "")<>"", IFERROR(INDEX(ERP資料!$A:$A, (MATCH(16, 輔助計算!$F$2:$F$801, 0)+1)), "")<>IFERROR(INDEX(ERP資料!$A:$A, MATCH(15, 輔助計算!$F$2:$F$801, 0)+1), "")), IFERROR(INDEX(ERP資料!$A:$A, (MATCH(16, 輔助計算!$F$2:$F$801, 0)+1)), ""), ""), "") | C17: =IFERROR(IF(AND(IFERROR(INDEX(ERP資料!$A:$A, (MATCH(16, 輔助計算!$F$2:$F$801, 0)+1)), "")<>"", IFERROR(INDEX(ERP資料!$A:$A, (MATCH(16, 輔助計算!$F$2:$F$801, 0)+1)), "")<>IFERROR(INDEX(ERP資料!$A:$A, MATCH(15, 輔助計算!$F$2:$F$801, 0)+1), "")), INDEX(ERP資料!$S:$S, (MATCH(16, 輔助計算!$F$2:$F$801, 0)+1)), ""), "") | D17: =IFERROR(IF(INDEX(ERP資料!$E:$E, (MATCH(16, 輔助計算!$F$2:$F$801, 0)+1))="","",TRIM(INDEX(ERP資料!$E:$E, (MATCH(16, 輔助計算!$F$2:$F$801, 0)+1)))), "") | E17: =IFERROR(IF(INDEX(ERP資料!$F:$F, (MATCH(16, 輔助計算!$F$2:$F$801, 0)+1))="","",INDEX(ERP資料!$F:$F, (MATCH(16, 輔助計算!$F$2:$F$801, 0)+1))), "") | F17: =IFERROR(IF(INDEX(ERP資料!$G:$G, (MATCH(16, 輔助計算!$F$2:$F$801, 0)+1))="","",INDEX(ERP資料!$G:$G, (MATCH(16, 輔助計算!$F$2:$F$801, 0)+1))), "") | G17: =IFERROR(IF(INDEX(ERP資料!$H:$H, (MATCH(16, 輔助計算!$F$2:$F$801, 0)+1))="","",INDEX(ERP資料!$H:$H, (MATCH(16, 輔助計算!$F$2:$F$801, 0)+1))), "") | H17: =IFERROR(IF(INDEX(ERP資料!$O:$O, (MATCH(16, 輔助計算!$F$2:$F$801, 0)+1))="","",INDEX(ERP資料!$O:$O, (MATCH(16, 輔助計算!$F$2:$F$801, 0)+1))), "") | I17: =IFERROR(IF(INDEX(輔助計算!$D:$D,(MATCH(16, 輔助計算!$F$2:$F$801, 0)+1))="","",INDEX(輔助計算!$D:$D,(MATCH(16, 輔助計算!$F$2:$F$801, 0)+1))*INDEX(ERP資料!$O:$O,(MATCH(16, 輔助計算!$F$2:$F$801, 0)+1))), "") | K17: =IFERROR(INDEX(輔助計算!$D:$D, (MATCH(16, 輔助計算!$F$2:$F$801, 0)+1)), "") | L17: =IFERROR(IF(AND(IFERROR(VLOOKUP(LEFT(INDEX(ERP資料!$S:$S, (MATCH(16, 輔助計算!$F$2:$F$801, 0)+1)), 4), 100張客戶!$A:$A, 1, FALSE), "")<>"", OR(INDEX(ERP資料!$F:$F, (MATCH(16, 輔助計算!$F$2:$F$801, 0)+1))=270, INDEX(ERP資料!$F:$F, (MATCH(16, 輔助計算!$F$2:$F$801, 0)+1))=300)), "100張", ""), "") | N17: =IF($F17="","",$F17) | O17: =IF($G17="","",$G17) | P17: =IF($K17="","",$K17)
A18: =IFERROR(IF(AND(IFERROR(INDEX(ERP資料!$A:$A, (MATCH(17, 輔助計算!$F$2:$F$801, 0)+1)), "")<>"", IFERROR(INDEX(ERP資料!$A:$A, (MATCH(17, 輔助計算!$F$2:$F$801, 0)+1)), "")<>IFERROR(INDEX(ERP資料!$A:$A, MATCH(16, 輔助計算!$F$2:$F$801, 0)+1), "")), INDEX(ERP資料!$B:$B, (MATCH(17, 輔助計算!$F$2:$F$801, 0)+1)), ""), "") | B18: =IFERROR(IF(AND(IFERROR(INDEX(ERP資料!$A:$A, (MATCH(17, 輔助計算!$F$2:$F$801, 0)+1)), "")<>"", IFERROR(INDEX(ERP資料!$A:$A, (MATCH(17, 輔助計算!$F$2:$F$801, 0)+1)), "")<>IFERROR(INDEX(ERP資料!$A:$A, MATCH(16, 輔助計算!$F$2:$F$801, 0)+1), "")), IFERROR(INDEX(ERP資料!$A:$A, (MATCH(17, 輔助計算!$F$2:$F$801, 0)+1)), ""), ""), "") | C18: =IFERROR(IF(AND(IFERROR(INDEX(ERP資料!$A:$A, (MATCH(17, 輔助計算!$F$2:$F$801, 0)+1)), "")<>"", IFERROR(INDEX(ERP資料!$A:$A, (MATCH(17, 輔助計算!$F$2:$F$801, 0)+1)), "")<>IFERROR(INDEX(ERP資料!$A:$A, MATCH(16, 輔助計算!$F$2:$F$801, 0)+1), "")), INDEX(ERP資料!$S:$S, (MATCH(17, 輔助計算!$F$2:$F$801, 0)+1)), ""), "") | D18: =IFERROR(IF(INDEX(ERP資料!$E:$E, (MATCH(17, 輔助計算!$F$2:$F$801, 0)+1))="","",TRIM(INDEX(ERP資料!$E:$E, (MATCH(17, 輔助計算!$F$2:$F$801, 0)+1)))), "") | E18: =IFERROR(IF(INDEX(ERP資料!$F:$F, (MATCH(17, 輔助計算!$F$2:$F$801, 0)+1))="","",INDEX(ERP資料!$F:$F, (MATCH(17, 輔助計算!$F$2:$F$801, 0)+1))), "") | F18: =IFERROR(IF(INDEX(ERP資料!$G:$G, (MATCH(17, 輔助計算!$F$2:$F$801, 0)+1))="","",INDEX(ERP資料!$G:$G, (MATCH(17, 輔助計算!$F$2:$F$801, 0)+1))), "") | G18: =IFERROR(IF(INDEX(ERP資料!$H:$H, (MATCH(17, 輔助計算!$F$2:$F$801, 0)+1))="","",INDEX(ERP資料!$H:$H, (MATCH(17, 輔助計算!$F$2:$F$801, 0)+1))), "") | H18: =IFERROR(IF(INDEX(ERP資料!$O:$O, (MATCH(17, 輔助計算!$F$2:$F$801, 0)+1))="","",INDEX(ERP資料!$O:$O, (MATCH(17, 輔助計算!$F$2:$F$801, 0)+1))), "") | I18: =IFERROR(IF(INDEX(輔助計算!$D:$D,(MATCH(17, 輔助計算!$F$2:$F$801, 0)+1))="","",INDEX(輔助計算!$D:$D,(MATCH(17, 輔助計算!$F$2:$F$801, 0)+1))*INDEX(ERP資料!$O:$O,(MATCH(17, 輔助計算!$F$2:$F$801, 0)+1))), "") | K18: =IFERROR(INDEX(輔助計算!$D:$D, (MATCH(17, 輔助計算!$F$2:$F$801, 0)+1)), "") | L18: =IFERROR(IF(AND(IFERROR(VLOOKUP(LEFT(INDEX(ERP資料!$S:$S, (MATCH(17, 輔助計算!$F$2:$F$801, 0)+1)), 4), 100張客戶!$A:$A, 1, FALSE), "")<>"", OR(INDEX(ERP資料!$F:$F, (MATCH(17, 輔助計算!$F$2:$F$801, 0)+1))=270, INDEX(ERP資料!$F:$F, (MATCH(17, 輔助計算!$F$2:$F$801, 0)+1))=300)), "100張", ""), "") | N18: =IF($F18="","",$F18) | O18: =IF($G18="","",$G18) | P18: =IF($K18="","",$K18)
A19: =IFERROR(IF(AND(IFERROR(INDEX(ERP資料!$A:$A, (MATCH(18, 輔助計算!$F$2:$F$801, 0)+1)), "")<>"", IFERROR(INDEX(ERP資料!$A:$A, (MATCH(18, 輔助計算!$F$2:$F$801, 0)+1)), "")<>IFERROR(INDEX(ERP資料!$A:$A, MATCH(17, 輔助計算!$F$2:$F$801, 0)+1), "")), INDEX(ERP資料!$B:$B, (MATCH(18, 輔助計算!$F$2:$F$801, 0)+1)), ""), "") | B19: =IFERROR(IF(AND(IFERROR(INDEX(ERP資料!$A:$A, (MATCH(18, 輔助計算!$F$2:$F$801, 0)+1)), "")<>"", IFERROR(INDEX(ERP資料!$A:$A, (MATCH(18, 輔助計算!$F$2:$F$801, 0)+1)), "")<>IFERROR(INDEX(ERP資料!$A:$A, MATCH(17, 輔助計算!$F$2:$F$801, 0)+1), "")), IFERROR(INDEX(ERP資料!$A:$A, (MATCH(18, 輔助計算!$F$2:$F$801, 0)+1)), ""), ""), "") | C19: =IFERROR(IF(AND(IFERROR(INDEX(ERP資料!$A:$A, (MATCH(18, 輔助計算!$F$2:$F$801, 0)+1)), "")<>"", IFERROR(INDEX(ERP資料!$A:$A, (MATCH(18, 輔助計算!$F$2:$F$801, 0)+1)), "")<>IFERROR(INDEX(ERP資料!$A:$A, MATCH(17, 輔助計算!$F$2:$F$801, 0)+1), "")), INDEX(ERP資料!$S:$S, (MATCH(18, 輔助計算!$F$2:$F$801, 0)+1)), ""), "") | D19: =IFERROR(IF(INDEX(ERP資料!$E:$E, (MATCH(18, 輔助計算!$F$2:$F$801, 0)+1))="","",TRIM(INDEX(ERP資料!$E:$E, (MATCH(18, 輔助計算!$F$2:$F$801, 0)+1)))), "") | E19: =IFERROR(IF(INDEX(ERP資料!$F:$F, (MATCH(18, 輔助計算!$F$2:$F$801, 0)+1))="","",INDEX(ERP資料!$F:$F, (MATCH(18, 輔助計算!$F$2:$F$801, 0)+1))), "") | F19: =IFERROR(IF(INDEX(ERP資料!$G:$G, (MATCH(18, 輔助計算!$F$2:$F$801, 0)+1))="","",INDEX(ERP資料!$G:$G, (MATCH(18, 輔助計算!$F$2:$F$801, 0)+1))), "") | G19: =IFERROR(IF(INDEX(ERP資料!$H:$H, (MATCH(18, 輔助計算!$F$2:$F$801, 0)+1))="","",INDEX(ERP資料!$H:$H, (MATCH(18, 輔助計算!$F$2:$F$801, 0)+1))), "") | H19: =IFERROR(IF(INDEX(ERP資料!$O:$O, (MATCH(18, 輔助計算!$F$2:$F$801, 0)+1))="","",INDEX(ERP資料!$O:$O, (MATCH(18, 輔助計算!$F$2:$F$801, 0)+1))), "") | I19: =IFERROR(IF(INDEX(輔助計算!$D:$D,(MATCH(18, 輔助計算!$F$2:$F$801, 0)+1))="","",INDEX(輔助計算!$D:$D,(MATCH(18, 輔助計算!$F$2:$F$801, 0)+1))*INDEX(ERP資料!$O:$O,(MATCH(18, 輔助計算!$F$2:$F$801, 0)+1))), "") | K19: =IFERROR(INDEX(輔助計算!$D:$D, (MATCH(18, 輔助計算!$F$2:$F$801, 0)+1)), "") | L19: =IFERROR(IF(AND(IFERROR(VLOOKUP(LEFT(INDEX(ERP資料!$S:$S, (MATCH(18, 輔助計算!$F$2:$F$801, 0)+1)), 4), 100張客戶!$A:$A, 1, FALSE), "")<>"", OR(INDEX(ERP資料!$F:$F, (MATCH(18, 輔助計算!$F$2:$F$801, 0)+1))=270, INDEX(ERP資料!$F:$F, (MATCH(18, 輔助計算!$F$2:$F$801, 0)+1))=300)), "100張", ""), "") | N19: =IF($F19="","",$F19) | O19: =IF($G19="","",$G19) | P19: =IF($K19="","",$K19)
A20: =IFERROR(IF(AND(IFERROR(INDEX(ERP資料!$A:$A, (MATCH(19, 輔助計算!$F$2:$F$801, 0)+1)), "")<>"", IFERROR(INDEX(ERP資料!$A:$A, (MATCH(19, 輔助計算!$F$2:$F$801, 0)+1)), "")<>IFERROR(INDEX(ERP資料!$A:$A, MATCH(18, 輔助計算!$F$2:$F$801, 0)+1), "")), INDEX(ERP資料!$B:$B, (MATCH(19, 輔助計算!$F$2:$F$801, 0)+1)), ""), "") | B20: =IFERROR(IF(AND(IFERROR(INDEX(ERP資料!$A:$A, (MATCH(19, 輔助計算!$F$2:$F$801, 0)+1)), "")<>"", IFERROR(INDEX(ERP資料!$A:$A, (MATCH(19, 輔助計算!$F$2:$F$801, 0)+1)), "")<>IFERROR(INDEX(ERP資料!$A:$A, MATCH(18, 輔助計算!$F$2:$F$801, 0)+1), "")), IFERROR(INDEX(ERP資料!$A:$A, (MATCH(19, 輔助計算!$F$2:$F$801, 0)+1)), ""), ""), "") | C20: =IFERROR(IF(AND(IFERROR(INDEX(ERP資料!$A:$A, (MATCH(19, 輔助計算!$F$2:$F$801, 0)+1)), "")<>"", IFERROR(INDEX(ERP資料!$A:$A, (MATCH(19, 輔助計算!$F$2:$F$801, 0)+1)), "")<>IFERROR(INDEX(ERP資料!$A:$A, MATCH(18, 輔助計算!$F$2:$F$801, 0)+1), "")), INDEX(ERP資料!$S:$S, (MATCH(19, 輔助計算!$F$2:$F$801, 0)+1)), ""), "") | D20: =IFERROR(IF(INDEX(ERP資料!$E:$E, (MATCH(19, 輔助計算!$F$2:$F$801, 0)+1))="","",TRIM(INDEX(ERP資料!$E:$E, (MATCH(19, 輔助計算!$F$2:$F$801, 0)+1)))), "") | E20: =IFERROR(IF(INDEX(ERP資料!$F:$F, (MATCH(19, 輔助計算!$F$2:$F$801, 0)+1))="","",INDEX(ERP資料!$F:$F, (MATCH(19, 輔助計算!$F$2:$F$801, 0)+1))), "") | F20: =IFERROR(IF(INDEX(ERP資料!$G:$G, (MATCH(19, 輔助計算!$F$2:$F$801, 0)+1))="","",INDEX(ERP資料!$G:$G, (MATCH(19, 輔助計算!$F$2:$F$801, 0)+1))), "") | G20: =IFERROR(IF(INDEX(ERP資料!$H:$H, (MATCH(19, 輔助計算!$F$2:$F$801, 0)+1))="","",INDEX(ERP資料!$H:$H, (MATCH(19, 輔助計算!$F$2:$F$801, 0)+1))), "") | H20: =IFERROR(IF(INDEX(ERP資料!$O:$O, (MATCH(19, 輔助計算!$F$2:$F$801, 0)+1))="","",INDEX(ERP資料!$O:$O, (MATCH(19, 輔助計算!$F$2:$F$801, 0)+1))), "") | I20: =IFERROR(IF(INDEX(輔助計算!$D:$D,(MATCH(19, 輔助計算!$F$2:$F$801, 0)+1))="","",INDEX(輔助計算!$D:$D,(MATCH(19, 輔助計算!$F$2:$F$801, 0)+1))*INDEX(ERP資料!$O:$O,(MATCH(19, 輔助計算!$F$2:$F$801, 0)+1))), "") | K20: =IFERROR(INDEX(輔助計算!$D:$D, (MATCH(19, 輔助計算!$F$2:$F$801, 0)+1)), "") | L20: =IFERROR(IF(AND(IFERROR(VLOOKUP(LEFT(INDEX(ERP資料!$S:$S, (MATCH(19, 輔助計算!$F$2:$F$801, 0)+1)), 4), 100張客戶!$A:$A, 1, FALSE), "")<>"", OR(INDEX(ERP資料!$F:$F, (MATCH(19, 輔助計算!$F$2:$F$801, 0)+1))=270, INDEX(ERP資料!$F:$F, (MATCH(19, 輔助計算!$F$2:$F$801, 0)+1))=300)), "100張", ""), "") | N20: =IF($F20="","",$F20) | O20: =IF($G20="","",$G20) | P20: =IF($K20="","",$K20)
A21: =IFERROR(IF(AND(IFERROR(INDEX(ERP資料!$A:$A, (MATCH(20, 輔助計算!$F$2:$F$801, 0)+1)), "")<>"", IFERROR(INDEX(ERP資料!$A:$A, (MATCH(20, 輔助計算!$F$2:$F$801, 0)+1)), "")<>IFERROR(INDEX(ERP資料!$A:$A, MATCH(19, 輔助計算!$F$2:$F$801, 0)+1), "")), INDEX(ERP資料!$B:$B, (MATCH(20, 輔助計算!$F$2:$F$801, 0)+1)), ""), "") | B21: =IFERROR(IF(AND(IFERROR(INDEX(ERP資料!$A:$A, (MATCH(20, 輔助計算!$F$2:$F$801, 0)+1)), "")<>"", IFERROR(INDEX(ERP資料!$A:$A, (MATCH(20, 輔助計算!$F$2:$F$801, 0)+1)), "")<>IFERROR(INDEX(ERP資料!$A:$A, MATCH(19, 輔助計算!$F$2:$F$801, 0)+1), "")), IFERROR(INDEX(ERP資料!$A:$A, (MATCH(20, 輔助計算!$F$2:$F$801, 0)+1)), ""), ""), "") | C21: =IFERROR(IF(AND(IFERROR(INDEX(ERP資料!$A:$A, (MATCH(20, 輔助計算!$F$2:$F$801, 0)+1)), "")<>"", IFERROR(INDEX(ERP資料!$A:$A, (MATCH(20, 輔助計算!$F$2:$F$801, 0)+1)), "")<>IFERROR(INDEX(ERP資料!$A:$A, MATCH(19, 輔助計算!$F$2:$F$801, 0)+1), "")), INDEX(ERP資料!$S:$S, (MATCH(20, 輔助計算!$F$2:$F$801, 0)+1)), ""), "") | D21: =IFERROR(IF(INDEX(ERP資料!$E:$E, (MATCH(20, 輔助計算!$F$2:$F$801, 0)+1))="","",TRIM(INDEX(ERP資料!$E:$E, (MATCH(20, 輔助計算!$F$2:$F$801, 0)+1)))), "") | E21: =IFERROR(IF(INDEX(ERP資料!$F:$F, (MATCH(20, 輔助計算!$F$2:$F$801, 0)+1))="","",INDEX(ERP資料!$F:$F, (MATCH(20, 輔助計算!$F$2:$F$801, 0)+1))), "") | F21: =IFERROR(IF(INDEX(ERP資料!$G:$G, (MATCH(20, 輔助計算!$F$2:$F$801, 0)+1))="","",INDEX(ERP資料!$G:$G, (MATCH(20, 輔助計算!$F$2:$F$801, 0)+1))), "") | G21: =IFERROR(IF(INDEX(ERP資料!$H:$H, (MATCH(20, 輔助計算!$F$2:$F$801, 0)+1))="","",INDEX(ERP資料!$H:$H, (MATCH(20, 輔助計算!$F$2:$F$801, 0)+1))), "") | H21: =IFERROR(IF(INDEX(ERP資料!$O:$O, (MATCH(20, 輔助計算!$F$2:$F$801, 0)+1))="","",INDEX(ERP資料!$O:$O, (MATCH(20, 輔助計算!$F$2:$F$801, 0)+1))), "") | I21: =IFERROR(IF(INDEX(輔助計算!$D:$D,(MATCH(20, 輔助計算!$F$2:$F$801, 0)+1))="","",INDEX(輔助計算!$D:$D,(MATCH(20, 輔助計算!$F$2:$F$801, 0)+1))*INDEX(ERP資料!$O:$O,(MATCH(20, 輔助計算!$F$2:$F$801, 0)+1))), "") | K21: =IFERROR(INDEX(輔助計算!$D:$D, (MATCH(20, 輔助計算!$F$2:$F$801, 0)+1)), "") | L21: =IFERROR(IF(AND(IFERROR(VLOOKUP(LEFT(INDEX(ERP資料!$S:$S, (MATCH(20, 輔助計算!$F$2:$F$801, 0)+1)), 4), 100張客戶!$A:$A, 1, FALSE), "")<>"", OR(INDEX(ERP資料!$F:$F, (MATCH(20, 輔助計算!$F$2:$F$801, 0)+1))=270, INDEX(ERP資料!$F:$F, (MATCH(20, 輔助計算!$F$2:$F$801, 0)+1))=300)), "100張", ""), "") | N21: =IF($F21="","",$F21) | O21: =IF($G21="","",$G21) | P21: =IF($K21="","",$K21)
A22: =IFERROR(IF(AND(IFERROR(INDEX(ERP資料!$A:$A, (MATCH(21, 輔助計算!$F$2:$F$801, 0)+1)), "")<>"", IFERROR(INDEX(ERP資料!$A:$A, (MATCH(21, 輔助計算!$F$2:$F$801, 0)+1)), "")<>IFERROR(INDEX(ERP資料!$A:$A, MATCH(20, 輔助計算!$F$2:$F$801, 0)+1), "")), INDEX(ERP資料!$B:$B, (MATCH(21, 輔助計算!$F$2:$F$801, 0)+1)), ""), "") | B22: =IFERROR(IF(AND(IFERROR(INDEX(ERP資料!$A:$A, (MATCH(21, 輔助計算!$F$2:$F$801, 0)+1)), "")<>"", IFERROR(INDEX(ERP資料!$A:$A, (MATCH(21, 輔助計算!$F$2:$F$801, 0)+1)), "")<>IFERROR(INDEX(ERP資料!$A:$A, MATCH(20, 輔助計算!$F$2:$F$801, 0)+1), "")), IFERROR(INDEX(ERP資料!$A:$A, (MATCH(21, 輔助計算!$F$2:$F$801, 0)+1)), ""), ""), "") | C22: =IFERROR(IF(AND(IFERROR(INDEX(ERP資料!$A:$A, (MATCH(21, 輔助計算!$F$2:$F$801, 0)+1)), "")<>"", IFERROR(INDEX(ERP資料!$A:$A, (MATCH(21, 輔助計算!$F$2:$F$801, 0)+1)), "")<>IFERROR(INDEX(ERP資料!$A:$A, MATCH(20, 輔助計算!$F$2:$F$801, 0)+1), "")), INDEX(ERP資料!$S:$S, (MATCH(21, 輔助計算!$F$2:$F$801, 0)+1)), ""), "") | D22: =IFERROR(IF(INDEX(ERP資料!$E:$E, (MATCH(21, 輔助計算!$F$2:$F$801, 0)+1))="","",TRIM(INDEX(ERP資料!$E:$E, (MATCH(21, 輔助計算!$F$2:$F$801, 0)+1)))), "") | E22: =IFERROR(IF(INDEX(ERP資料!$F:$F, (MATCH(21, 輔助計算!$F$2:$F$801, 0)+1))="","",INDEX(ERP資料!$F:$F, (MATCH(21, 輔助計算!$F$2:$F$801, 0)+1))), "") | F22: =IFERROR(IF(INDEX(ERP資料!$G:$G, (MATCH(21, 輔助計算!$F$2:$F$801, 0)+1))="","",INDEX(ERP資料!$G:$G, (MATCH(21, 輔助計算!$F$2:$F$801, 0)+1))), "") | G22: =IFERROR(IF(INDEX(ERP資料!$H:$H, (MATCH(21, 輔助計算!$F$2:$F$801, 0)+1))="","",INDEX(ERP資料!$H:$H, (MATCH(21, 輔助計算!$F$2:$F$801, 0)+1))), "") | H22: =IFERROR(IF(INDEX(ERP資料!$O:$O, (MATCH(21, 輔助計算!$F$2:$F$801, 0)+1))="","",INDEX(ERP資料!$O:$O, (MATCH(21, 輔助計算!$F$2:$F$801, 0)+1))), "") | I22: =IFERROR(IF(INDEX(輔助計算!$D:$D,(MATCH(21, 輔助計算!$F$2:$F$801, 0)+1))="","",INDEX(輔助計算!$D:$D,(MATCH(21, 輔助計算!$F$2:$F$801, 0)+1))*INDEX(ERP資料!$O:$O,(MATCH(21, 輔助計算!$F$2:$F$801, 0)+1))), "") | K22: =IFERROR(INDEX(輔助計算!$D:$D, (MATCH(21, 輔助計算!$F$2:$F$801, 0)+1)), "") | L22: =IFERROR(IF(AND(IFERROR(VLOOKUP(LEFT(INDEX(ERP資料!$S:$S, (MATCH(21, 輔助計算!$F$2:$F$801, 0)+1)), 4), 100張客戶!$A:$A, 1, FALSE), "")<>"", OR(INDEX(ERP資料!$F:$F, (MATCH(21, 輔助計算!$F$2:$F$801, 0)+1))=270, INDEX(ERP資料!$F:$F, (MATCH(21, 輔助計算!$F$2:$F$801, 0)+1))=300)), "100張", ""), "") | N22: =IF($F22="","",$F22) | O22: =IF($G22="","",$G22) | P22: =IF($K22="","",$K22)
